,datetime,open,high,low,close,volume
0,2023-04-19,6.30000,6.30000,6.16000,6.19000,237300
1,2023-04-18,6.40000,6.47000,6.22000,6.26000,340200
2,2023-04-17,6.58000,6.58000,6.39000,6.43000,224200
3,2023-04-14,6.55000,6.61000,6.54000,6.58000,80400
4,2023-04-13,6.64000,6.68500,6.55000,6.63000,193900
5,2023-04-12,6.51000,6.69000,6.45000,6.49000,155600
6,2023-04-11,6.54000,6.58000,6.43000,6.51000,149400
7,2023-04-10,6.46000,6.58000,6.43400,6.47000,147600
8,2023-04-06,6.39000,6.43000,6.36000,6.38000,88900
9,2023-04-05,6.43000,6.46000,6.36000,6.38000,128800
10,2023-04-04,6.52000,6.57000,6.40000,6.44000,157100
11,2023-04-03,6.46000,6.58500,6.39000,6.48000,354800
12,2023-03-31,6.44000,6.53000,6.40000,6.42500,138000
13,2023-03-30,6.36000,6.50000,6.33000,6.46000,163800
14,2023-03-29,6.34000,6.38000,6.32000,6.36000,160700
15,2023-03-28,6.20000,6.37900,6.20000,6.27500,200500
16,2023-03-27,6.27000,6.30000,6.19000,6.20000,127400
17,2023-03-24,6.20000,6.31000,6.10000,6.26000,108700
18,2023-03-23,6.31000,6.37000,6.18000,6.21000,153400
19,2023-03-22,6.35000,6.36000,6.21800,6.28000,136500
20,2023-03-21,6.12000,6.38000,6.12000,6.32000,282700
21,2023-03-20,6.14000,6.17000,6.00000,6.08000,442800
22,2023-03-17,6.29000,6.30400,6.16000,6.17000,226200
23,2023-03-16,6.28000,6.33000,6.25000,6.30000,182500
24,2023-03-15,6.43000,6.43000,6.29500,6.34000,147100
25,2023-03-14,6.50000,6.55000,6.44000,6.48000,111000
26,2023-03-13,6.45000,6.55000,6.33000,6.46000,246200
27,2023-03-10,6.73000,6.73000,6.41100,6.51000,350300
28,2023-03-09,6.95000,6.95800,6.69000,6.74000,160500
29,2023-03-08,6.95000,6.95000,6.88000,6.95000,89800
30,2023-03-07,6.96000,6.99000,6.90000,6.94000,118000
31,2023-03-06,6.97000,7.01000,6.87000,6.93000,225400
32,2023-03-03,6.93000,6.97000,6.90000,6.92000,56900
33,2023-03-02,6.77000,6.95200,6.76500,6.91000,122900
34,2023-03-01,6.77000,6.80000,6.73000,6.76000,136600
35,2023-02-28,6.65000,6.84000,6.65000,6.70000,162500
36,2023-02-27,6.58000,6.67000,6.57600,6.64000,113000
37,2023-02-24,6.59000,6.63000,6.51000,6.57000,196300
38,2023-02-23,6.74000,6.76000,6.62000,6.62000,213200
39,2023-02-22,6.70000,6.74000,6.67000,6.73000,143100
40,2023-02-21,6.88000,6.88000,6.62000,6.69000,277100
41,2023-02-17,6.91000,6.93000,6.87000,6.88000,68100
42,2023-02-16,6.90000,6.98000,6.88000,6.95000,128900
43,2023-02-15,6.94000,7.00000,6.86000,6.95000,77500
44,2023-02-14,6.91000,6.99400,6.77000,6.97000,108800
45,2023-02-13,7.00000,7.03100,6.98000,6.99000,181400
46,2023-02-10,6.98000,7.01800,6.93000,7.00000,161700
47,2023-02-09,6.87000,6.99000,6.85000,6.98000,178300
48,2023-02-08,6.87000,6.92000,6.80000,6.82000,168100
49,2023-02-07,6.89000,6.93000,6.83000,6.86000,168200
50,2023-02-06,6.93000,6.93400,6.85300,6.90000,152400
51,2023-02-03,6.95000,7.00000,6.90000,6.94000,136900
52,2023-02-02,6.96000,7.05000,6.90000,6.97000,233900
53,2023-02-01,6.88000,6.98000,6.86000,6.96000,160900
54,2023-01-31,6.91000,6.92000,6.85000,6.87000,127900
55,2023-01-30,6.72000,6.94000,6.69000,6.91000,244800
56,2023-01-27,6.87000,6.87000,6.72000,6.75000,146700
57,2023-01-26,6.74000,6.89000,6.69200,6.87000,159600
58,2023-01-25,6.75000,6.79500,6.68000,6.72000,143000
59,2023-01-24,6.76000,6.83000,6.74000,6.74000,131500
60,2023-01-23,6.76000,6.84000,6.72000,6.79000,176600
61,2023-01-20,6.73000,6.84000,6.68000,6.77000,148500
62,2023-01-19,6.68000,6.78000,6.56000,6.75000,175000
63,2023-01-18,6.70000,6.76000,6.58000,6.71000,174900
64,2023-01-17,6.73000,6.75000,6.63500,6.70000,189700
65,2023-01-13,6.71000,6.80000,6.67400,6.76000,187600
66,2023-01-12,6.80000,6.89000,6.68000,6.81000,274900
67,2023-01-11,6.74000,6.84000,6.70000,6.78000,360600
68,2023-01-10,6.61000,6.75000,6.53000,6.71000,244700
69,2023-01-09,6.56000,6.66000,6.47000,6.65000,159200
70,2023-01-06,6.46000,6.58000,6.39000,6.53000,154100
71,2023-01-05,6.41000,6.52000,6.32400,6.48000,134500
72,2023-01-04,6.52000,6.52000,6.43000,6.47000,140000
73,2023-01-03,6.47000,6.54000,6.40000,6.53000,143500
74,2022-12-30,6.25000,6.35000,6.24000,6.32000,182800
75,2022-12-29,6.34000,6.38300,6.24500,6.26000,164200
76,2022-12-28,6.45000,6.49000,6.29000,6.29000,173600
77,2022-12-27,6.55000,6.56000,6.27500,6.45000,471900
78,2022-12-23,6.35000,6.55000,6.34000,6.53000,100100
79,2022-12-22,6.30000,6.39000,6.30000,6.38000,130200
80,2022-12-21,6.25000,6.37500,6.22000,6.31000,187100
81,2022-12-20,6.27000,6.34000,6.22000,6.25000,88900
82,2022-12-19,6.47000,6.47000,6.26000,6.28000,168100
83,2022-12-16,6.50000,6.55000,6.41000,6.49000,131200
84,2022-12-15,6.52000,6.54300,6.37000,6.49000,113200
85,2022-12-14,6.52000,6.60000,6.52000,6.53000,90800
86,2022-12-13,6.69000,6.76500,6.58000,6.61000,333400
87,2022-12-12,6.64000,6.67000,6.56000,6.61000,175500
88,2022-12-09,6.63000,6.67000,6.55000,6.63000,156500
89,2022-12-08,6.47000,6.62000,6.47000,6.59000,68900
90,2022-12-07,6.40000,6.64000,6.40000,6.50000,154200
91,2022-12-06,6.60000,6.69000,6.36000,6.44000,211600
92,2022-12-05,6.71000,6.71400,6.62000,6.64000,123000
93,2022-12-02,6.73000,6.73000,6.62000,6.68000,131600
94,2022-12-01,6.76000,6.80000,6.69000,6.75000,176500
95,2022-11-30,6.69000,6.75000,6.63000,6.75000,173300
96,2022-11-29,6.73000,6.73000,6.65000,6.68000,107200
97,2022-11-28,6.64000,6.83000,6.62000,6.69000,433700
98,2022-11-25,6.41000,6.64000,6.35000,6.62000,142900
99,2022-11-23,6.33000,6.42900,6.30100,6.40000,190000
100,2022-11-22,6.26000,6.36000,6.17000,6.33000,220200
101,2022-11-21,6.35000,6.38000,6.22000,6.25000,210000
102,2022-11-18,6.40000,6.42000,6.32000,6.35000,154200
103,2022-11-17,6.45000,6.46300,6.34000,6.40000,99900
104,2022-11-16,6.40000,6.45000,6.39400,6.45000,71400
105,2022-11-15,6.55000,6.59900,6.39000,6.39000,129800
106,2022-11-14,6.61000,6.64000,6.43000,6.51000,244600
107,2022-11-11,6.70000,6.73000,6.62000,6.67000,143100
108,2022-11-10,6.57000,6.73000,6.57000,6.65000,119300
109,2022-11-09,6.42000,6.60000,6.42000,6.45000,91000
110,2022-11-08,6.35000,6.52000,6.32000,6.50000,196800
111,2022-11-07,6.37000,6.39000,6.31100,6.39000,87200
112,2022-11-04,6.39000,6.44000,6.36000,6.37000,104900
113,2022-11-03,6.29000,6.39000,6.28100,6.35000,112400
114,2022-11-02,6.32000,6.46000,6.26500,6.39000,186600
115,2022-11-01,6.30000,6.35000,6.28000,6.32000,151400
116,2022-10-31,6.27000,6.30000,6.23000,6.28000,123400
117,2022-10-28,6.20000,6.24000,6.17000,6.24000,141500
118,2022-10-27,6.15000,6.19700,6.14000,6.18000,108700
119,2022-10-26,6.04000,6.15000,6.02000,6.13000,200200
120,2022-10-25,6.05000,6.10000,6.03200,6.04000,242000
121,2022-10-24,6.06000,6.15000,6.01000,6.04000,100300
122,2022-10-21,6.13000,6.14000,6.06000,6.08000,71000
123,2022-10-20,5.98000,6.11500,5.98000,6.10000,129900
124,2022-10-19,6.00000,6.11000,5.98000,6.00000,123700
125,2022-10-18,6.04000,6.08000,6.00000,6.00000,119800
126,2022-10-17,6.10000,6.14000,5.99000,6.00000,113600
127,2022-10-14,6.15000,6.19400,6.05000,6.06000,50700
128,2022-10-13,6.05000,6.23000,6.05000,6.15000,81400
129,2022-10-12,6.14000,6.19000,6.08000,6.10000,90500
130,2022-10-11,6.07000,6.20000,6.02000,6.13000,77900
131,2022-10-10,6.26000,6.29900,6.09000,6.12000,82600
132,2022-10-07,6.21000,6.33000,6.16000,6.24000,101700
133,2022-10-06,6.32000,6.32000,6.16900,6.27000,65000
134,2022-10-05,6.34000,6.38000,6.25000,6.27000,104400
135,2022-10-04,6.24000,6.50000,6.16000,6.45000,255400
136,2022-10-03,6.06000,6.16000,5.96600,6.07000,192600
137,2022-09-30,6.08000,6.15000,5.90000,5.94000,253100
138,2022-09-29,6.40000,6.40000,6.02000,6.06000,178000
139,2022-09-28,6.27000,6.43000,6.18000,6.43000,122900
140,2022-09-27,6.20000,6.20000,6.09000,6.17000,118800
141,2022-09-26,6.14000,6.42000,6.08000,6.09000,251200
142,2022-09-23,6.33000,6.42000,5.97000,6.15000,712300
143,2022-09-22,6.78000,6.78900,6.40000,6.52000,310900
144,2022-09-21,6.82000,6.82000,6.72000,6.75000,124700
145,2022-09-20,6.76000,6.79000,6.73000,6.76000,101300
146,2022-09-19,6.81000,6.85000,6.75000,6.77000,133300
147,2022-09-16,6.88000,6.91500,6.80000,6.88000,184500
148,2022-09-15,7.01000,7.04900,6.90000,6.93000,157500
149,2022-09-14,7.06000,7.17000,7.00000,7.10000,366100
150,2022-09-13,7.07000,7.10000,7.04000,7.04000,273400
151,2022-09-12,7.07000,7.14000,7.05000,7.13000,404800
152,2022-09-09,7.00000,7.03000,6.95000,7.03000,146400
153,2022-09-08,6.95000,7.00000,6.95000,6.98000,95500
154,2022-09-07,6.95000,7.01000,6.95000,6.97000,97700
155,2022-09-06,6.98000,7.05000,6.92000,6.96000,130800
156,2022-09-02,6.99000,7.04000,6.95000,6.98000,97600
157,2022-09-01,7.00000,7.00000,6.89000,6.95000,154800
158,2022-08-31,7.01000,7.03000,6.95000,6.98000,264400
159,2022-08-30,7.03000,7.07000,6.99000,7.02000,168900
160,2022-08-29,6.99000,7.05800,6.97000,7.04000,248100
161,2022-08-26,7.09000,7.09000,6.95000,6.99900,202300
162,2022-08-25,7.13000,7.13400,7.07200,7.09000,104800
163,2022-08-24,7.14000,7.17000,7.08000,7.15000,130900
164,2022-08-23,7.21000,7.21000,7.08300,7.12000,110200
165,2022-08-22,7.15000,7.21000,7.12000,7.21000,135500
166,2022-08-19,7.20000,7.20000,7.13600,7.16000,114300
167,2022-08-18,7.22000,7.24000,7.16000,7.23000,122300
168,2022-08-17,7.18000,7.25000,7.15000,7.22000,145000
169,2022-08-16,7.22000,7.26000,7.18000,7.26000,176100
170,2022-08-15,7.30000,7.31000,7.19000,7.19000,239000
171,2022-08-12,7.25000,7.40500,7.22000,7.36000,235100
172,2022-08-11,7.22000,7.47000,7.15000,7.23000,386500
173,2022-08-10,7.09000,7.20000,7.08000,7.18000,145400
174,2022-08-09,7.09000,7.14000,7.01000,7.05000,247900
175,2022-08-08,7.17000,7.24000,7.06000,7.11000,216700
176,2022-08-05,7.15000,7.19000,7.10000,7.15000,145900
177,2022-08-04,7.40000,7.40000,7.12000,7.17000,235000
178,2022-08-03,7.33000,7.42000,7.27000,7.40000,107200
179,2022-08-02,7.26000,7.30000,7.21000,7.30000,115900
180,2022-08-01,7.33000,7.35000,7.16000,7.33000,211800
181,2022-07-29,7.22000,7.33000,7.18000,7.25000,150400
182,2022-07-28,7.08000,7.25000,7.05000,7.22000,122200
183,2022-07-27,7.05000,7.09000,7.01000,7.09000,81900
184,2022-07-26,7.15000,7.15000,7.01000,7.04000,86800
185,2022-07-25,7.07000,7.20000,7.02000,7.15000,111200
186,2022-07-22,7.06000,7.11000,6.98000,7.07000,110200
187,2022-07-21,7.00000,7.08000,6.95000,7.06000,138900
188,2022-07-20,7.01000,7.12000,6.96000,7.03000,140900
189,2022-07-19,7.02000,7.03000,6.92000,6.99000,130700
190,2022-07-18,7.00000,7.05000,6.95000,6.98000,98500
191,2022-07-15,7.05000,7.08000,6.82000,7.00000,231000
192,2022-07-14,7.00000,7.10000,6.92000,7.03000,94800
193,2022-07-13,7.12000,7.27000,7.10000,7.11000,95000
194,2022-07-12,7.14000,7.24000,7.12000,7.14000,94700
195,2022-07-11,7.09000,7.21000,7.09000,7.17000,178400
196,2022-07-08,7.22000,7.24000,7.08000,7.09000,115600
197,2022-07-07,7.25000,7.27000,7.15000,7.20000,124200
198,2022-07-06,7.22000,7.26000,7.01000,7.26000,255500
199,2022-07-05,7.02000,7.14000,6.98000,7.12000,241900
200,2022-07-01,6.98000,7.10000,6.96000,7.02000,115200
201,2022-06-30,6.98000,7.16100,6.87000,6.98000,179800
202,2022-06-29,7.40000,7.40000,6.95000,6.98000,214000
203,2022-06-28,7.45000,7.49000,7.26000,7.46000,86100
204,2022-06-27,7.20000,7.43000,7.13000,7.35000,116700
205,2022-06-24,7.07000,7.40000,7.02500,7.12000,246500
206,2022-06-23,6.83000,7.01000,6.73000,7.00000,181500
207,2022-06-22,6.68000,6.85000,6.66700,6.75000,200200
208,2022-06-21,7.03000,7.21000,6.67000,6.84000,499800
209,2022-06-17,6.95000,7.13800,6.85000,7.02000,151300
210,2022-06-16,7.39000,7.39000,6.79000,6.96000,291700
211,2022-06-15,7.21000,7.50900,7.21000,7.48000,117900
212,2022-06-14,7.52000,7.52000,7.09000,7.18000,292100
213,2022-06-13,7.88000,7.88000,7.52000,7.52000,287100
214,2022-06-10,7.88000,8.00500,7.70000,8.00000,161300
215,2022-06-09,7.88000,7.91000,7.80000,7.90000,43700
216,2022-06-08,7.80000,7.89000,7.77000,7.87000,141600
217,2022-06-07,7.78000,7.92000,7.78000,7.83000,91300
218,2022-06-06,7.80000,7.89000,7.79000,7.79000,102900
219,2022-06-03,7.90000,7.93300,7.78000,7.81200,89600
220,2022-06-02,7.85000,8.05000,7.75000,7.92000,186200
221,2022-06-01,7.88000,7.95000,7.78500,7.85000,208400
222,2022-05-31,7.60000,7.74300,7.57400,7.74000,184500
223,2022-05-27,7.69000,7.69000,7.55000,7.60000,283100
224,2022-05-26,7.53000,7.73000,7.53000,7.58000,195500
225,2022-05-25,7.51000,7.58100,7.46000,7.54000,147000
226,2022-05-24,7.52000,7.59400,7.51000,7.57000,53500
227,2022-05-23,7.55000,7.59500,7.54000,7.56000,87200
228,2022-05-20,7.60000,7.60000,7.45000,7.52000,113800
229,2022-05-19,7.56000,7.65000,7.50000,7.52000,101500
230,2022-05-18,7.85000,7.85000,7.50000,7.59000,133200
231,2022-05-17,7.91000,7.92000,7.71000,7.92000,107900
232,2022-05-16,7.60000,8.05000,7.60000,7.91000,246400
233,2022-05-13,7.41000,7.68000,7.38000,7.53000,256900
234,2022-05-12,8.04000,8.08000,7.10000,7.15000,851900
235,2022-05-11,8.18000,8.25000,7.97000,8.05000,202700
236,2022-05-10,8.37000,8.39000,8.15000,8.18000,98400
237,2022-05-09,8.36000,8.38000,8.15000,8.20000,280400
238,2022-05-06,8.45000,8.48500,8.33100,8.35000,265600
239,2022-05-05,8.50000,8.53000,8.39000,8.45000,121000
240,2022-05-04,8.35000,8.53000,8.30000,8.48000,63900
241,2022-05-03,8.28000,8.41000,8.27000,8.35000,155400
242,2022-05-02,8.43000,8.53000,8.25100,8.27000,203900
243,2022-04-29,8.52000,8.57000,8.46000,8.47000,116500
244,2022-04-28,8.54000,8.57000,8.47000,8.57000,126900
245,2022-04-27,8.53000,8.54000,8.40000,8.49000,144500
246,2022-04-26,8.45000,8.50000,8.33000,8.43000,156000
247,2022-04-25,8.17000,8.48000,8.16000,8.40000,396000
248,2022-04-22,8.40000,8.41200,8.06000,8.13000,386100
249,2022-04-21,8.49000,8.50000,8.36800,8.41000,98600
250,2022-04-20,8.47000,8.59000,8.43000,8.45000,138300
251,2022-04-19,8.34000,8.61000,8.32000,8.47000,351400
252,2022-04-18,8.40000,8.42000,8.32000,8.34000,166800
253,2022-04-14,8.49000,8.49900,8.38000,8.42000,137200
254,2022-04-13,8.49000,8.51000,8.37000,8.46000,137000
255,2022-04-12,8.45000,8.58000,8.43000,8.45000,126700
256,2022-04-11,8.44000,8.49000,8.41000,8.41000,146600
257,2022-04-08,8.45000,8.62000,8.43000,8.49000,94800
258,2022-04-07,8.44000,8.50000,8.41200,8.47000,134700
259,2022-04-06,8.41000,8.45000,8.33000,8.41000,210700
260,2022-04-05,8.49000,8.58000,8.43000,8.47000,78300
261,2022-04-04,8.51000,8.52000,8.41000,8.49000,137100
262,2022-04-01,8.55000,8.58000,8.40000,8.47000,200500
263,2022-03-31,8.52000,8.58000,8.45000,8.47000,185800
264,2022-03-30,8.50000,8.59000,8.49000,8.57000,106500
265,2022-03-29,8.41000,8.68000,8.40000,8.49000,213800
266,2022-03-28,8.40000,8.47000,8.32000,8.40000,247100
267,2022-03-25,8.40000,8.46000,8.36200,8.38000,118800
268,2022-03-24,8.48000,8.55000,8.41000,8.41000,128500
269,2022-03-23,8.55000,8.55000,8.40000,8.46000,211800
270,2022-03-22,8.66000,8.70000,8.50000,8.53000,248700
271,2022-03-21,8.61000,8.70000,8.59000,8.62000,182200
272,2022-03-18,8.70000,8.75000,8.57000,8.61000,161200
273,2022-03-17,8.80000,8.80000,8.65000,8.70000,202800
274,2022-03-16,8.65000,8.83000,8.58000,8.71000,272400
275,2022-03-15,8.47000,8.64000,8.47000,8.54000,175400
276,2022-03-14,8.67000,8.68900,8.37000,8.41000,203700
277,2022-03-11,8.77000,8.83000,8.65000,8.69000,253300
278,2022-03-10,8.81000,8.89000,8.66000,8.79000,106800
279,2022-03-09,8.92000,8.92000,8.71600,8.85000,151500
280,2022-03-08,8.85000,8.87000,8.70100,8.78000,187100
281,2022-03-07,8.87000,8.98000,8.80000,8.85900,218900
282,2022-03-04,8.80000,8.91000,8.80000,8.87000,94400
283,2022-03-03,8.91000,8.98000,8.85000,8.85000,106400
284,2022-03-02,8.90000,8.95000,8.78000,8.92000,162500
285,2022-03-01,8.82000,8.89500,8.75000,8.82000,223500
286,2022-02-28,8.93000,8.94000,8.73000,8.74000,161300
287,2022-02-25,8.86000,8.93000,8.71400,8.83000,126400
288,2022-02-24,8.57000,8.85000,8.54700,8.80000,207400
289,2022-02-23,8.90000,8.94000,8.73000,8.73000,240500
290,2022-02-22,8.98000,9.06000,8.82000,8.87000,245500
291,2022-02-18,9.01000,9.10000,8.90000,9.02000,193300
292,2022-02-17,9.14000,9.27900,9.01000,9.09000,142200
293,2022-02-16,9.00000,9.25000,8.99300,9.08000,140100
294,2022-02-15,9.09000,9.17000,8.97000,9.02000,208900
295,2022-02-14,9.17000,9.18800,8.85000,8.95000,342300
296,2022-02-11,9.43000,9.45500,9.18000,9.24000,386600
297,2022-02-10,9.46000,9.60000,9.40000,9.47000,162100
298,2022-02-09,9.59000,9.72000,9.43000,9.48000,437700
299,2022-02-08,9.54000,9.70000,9.40000,9.53000,192000
300,2022-02-07,9.48000,9.52000,9.30000,9.50000,243500
301,2022-02-04,9.35000,9.47000,9.28800,9.45000,106900
302,2022-02-03,9.45000,9.53000,9.22000,9.35000,203700
303,2022-02-02,9.55000,9.57000,9.46000,9.57000,179100
304,2022-02-01,9.44000,9.54000,9.35000,9.54000,192200
305,2022-01-31,9.30000,9.43000,9.20000,9.41000,181000
306,2022-01-28,9.23000,9.40000,9.12000,9.30000,278800
307,2022-01-27,9.05000,9.22000,9.01000,9.22000,350600
308,2022-01-26,8.85000,8.99000,8.79500,8.96000,514400
309,2022-01-25,8.54000,8.84800,8.52000,8.76000,228900
310,2022-01-24,8.88000,8.91000,8.34000,8.48000,814500
311,2022-01-21,9.01000,9.19000,8.94000,8.98000,274400
312,2022-01-20,8.99000,9.11000,8.96000,9.04000,201300
313,2022-01-19,9.29000,9.39000,8.87000,8.93000,415300
314,2022-01-18,9.15000,9.30000,9.13000,9.24000,351200
315,2022-01-14,9.19000,9.25000,9.13000,9.19000,145000
316,2022-01-13,9.50000,9.50000,9.23000,9.28000,295600
317,2022-01-12,9.40000,9.49000,9.31000,9.40000,339900
318,2022-01-11,9.22000,9.41000,9.20000,9.35000,324400
319,2022-01-10,9.03000,9.19000,8.95000,9.19000,314600
320,2022-01-07,8.95000,9.15200,8.92000,9.02000,150700
321,2022-01-06,8.97000,9.12000,8.93000,8.95000,176000
322,2022-01-05,9.12000,9.14000,8.95000,9.03000,146600
323,2022-01-04,9.11000,9.18500,9.01000,9.15000,185300
324,2022-01-03,8.99000,9.06000,8.92000,9.04000,261600
325,2021-12-31,8.96000,8.97000,8.88000,8.92000,162100
326,2021-12-30,9.00000,9.09000,8.93000,8.95000,179400
327,2021-12-29,9.03000,9.10000,8.96000,9.02000,181100
328,2021-12-28,9.00000,9.13000,8.95000,9.00000,203200
329,2021-12-27,8.70000,9.00000,8.70000,8.94000,294100
330,2021-12-23,8.72000,8.83000,8.65000,8.70000,153700
331,2021-12-22,8.55000,8.67000,8.55000,8.66000,121700
332,2021-12-21,8.55000,8.69000,8.50000,8.55000,275000
333,2021-12-20,8.50000,8.58000,8.48000,8.55000,170700
334,2021-12-17,8.48000,8.65000,8.43000,8.57000,138800
335,2021-12-16,8.62000,8.70900,8.50000,8.50000,317600
336,2021-12-15,8.77000,8.82000,8.64000,8.69000,183600
337,2021-12-14,8.88000,8.90000,8.80000,8.81000,151100
338,2021-12-13,9.00000,9.05000,8.96000,8.96000,121500
339,2021-12-10,9.01000,9.10000,9.00000,9.00000,121800
340,2021-12-09,9.10000,9.17000,9.03000,9.05000,132600
341,2021-12-08,9.11000,9.15000,9.10000,9.15000,111300
342,2021-12-07,9.07000,9.15000,9.07000,9.11000,82000
343,2021-12-06,9.04000,9.12000,9.00000,9.05000,102900
344,2021-12-03,9.17000,9.22000,9.00000,9.06000,145700
345,2021-12-02,9.10000,9.21000,9.05000,9.16000,202000
346,2021-12-01,9.16000,9.26000,9.11000,9.12000,149200
347,2021-11-30,9.10000,9.19000,8.96300,9.19000,251900
348,2021-11-29,9.07000,9.22000,8.96000,9.20000,451700
349,2021-11-26,8.95000,8.95000,8.85000,8.89500,192600
350,2021-11-24,9.10000,9.15000,9.00000,9.07000,245700
351,2021-11-23,9.06000,9.20000,9.00000,9.15000,243700
352,2021-11-22,8.90000,9.16000,8.89000,9.02000,332800
353,2021-11-19,8.90000,8.91000,8.73000,8.87000,247300
354,2021-11-18,9.12000,9.12000,8.89000,8.93000,346700
355,2021-11-17,9.07000,9.10500,9.00000,9.05000,183100
356,2021-11-16,9.18000,9.20000,9.09000,9.12000,174700
357,2021-11-15,9.36000,9.42000,9.04000,9.23000,415100
358,2021-11-12,9.17000,9.44000,9.17000,9.33000,337600
359,2021-11-11,9.16000,9.23000,9.12000,9.17000,150600
360,2021-11-10,9.34000,9.36000,9.13000,9.15000,210700
361,2021-11-09,9.45000,9.47000,9.31000,9.34000,158100
362,2021-11-08,9.45000,9.50500,9.35000,9.45000,214700
363,2021-11-05,9.45000,9.50000,9.31000,9.36000,190300
364,2021-11-04,9.46000,9.52000,9.32000,9.42000,290700
365,2021-11-03,9.40000,9.52000,9.30000,9.45000,333800
366,2021-11-02,9.34000,9.48000,9.13000,9.41000,1002400
367,2021-11-01,9.01000,9.22000,8.95000,9.19000,871600
368,2021-10-29,9.01000,9.03900,8.94000,9.00000,119700
369,2021-10-28,9.00000,9.02000,8.90000,9.02000,127800
370,2021-10-27,8.91000,8.99000,8.91000,8.95000,73700
371,2021-10-26,9.05000,9.05000,8.95000,8.96000,181700
372,2021-10-25,9.07000,9.09000,9.03000,9.08000,120100
373,2021-10-22,9.10000,9.11000,8.98000,9.07000,242000
374,2021-10-21,8.82000,9.10000,8.79000,9.07000,887900
375,2021-10-20,8.81000,8.83000,8.78000,8.81000,95600
376,2021-10-19,8.78000,8.81500,8.72000,8.81000,69700
377,2021-10-18,8.70000,8.80000,8.65000,8.78000,214700
378,2021-10-15,8.65000,8.71500,8.60000,8.68000,113900
379,2021-10-14,8.68000,8.71000,8.66000,8.67000,105600
380,2021-10-13,8.79000,8.80000,8.72000,8.74000,220500
381,2021-10-12,8.83000,8.85000,8.75000,8.79000,139700
382,2021-10-11,8.73000,8.85000,8.70000,8.84000,130700
383,2021-10-08,8.81000,8.81000,8.62000,8.73000,98500
384,2021-10-07,8.57000,8.72000,8.56000,8.67000,255800
385,2021-10-06,8.62000,8.64100,8.54000,8.55000,154400
386,2021-10-05,8.60000,8.70000,8.60000,8.63000,186200
387,2021-10-04,8.57000,8.69000,8.55000,8.65000,158000
388,2021-10-01,8.59000,8.59000,8.49500,8.55000,192900
389,2021-09-30,8.58000,8.60000,8.52000,8.58000,139700
390,2021-09-29,8.73000,8.73000,8.55000,8.58000,101800
391,2021-09-28,8.68000,8.68000,8.55000,8.59000,274300
392,2021-09-27,8.72000,8.72400,8.60000,8.64000,179300
393,2021-09-24,8.76000,8.76000,8.64000,8.71000,176000
394,2021-09-23,8.74000,8.78000,8.68000,8.72000,212500
395,2021-09-22,8.63000,8.74000,8.61000,8.73000,159500
396,2021-09-21,8.59000,8.63000,8.50000,8.61000,213700
397,2021-09-20,8.44000,8.55000,8.40000,8.51000,338000
398,2021-09-17,8.62000,8.65000,8.52700,8.55000,132400
399,2021-09-16,8.70000,8.73000,8.62000,8.64000,133700
400,2021-09-15,8.68000,8.76000,8.68000,8.72000,142100
401,2021-09-14,8.73000,8.75900,8.69500,8.73000,143800
402,2021-09-13,8.83000,8.88000,8.75000,8.76000,183500
403,2021-09-10,8.91000,8.92000,8.83000,8.83000,134900
404,2021-09-09,8.79000,8.90000,8.77000,8.90000,196300
405,2021-09-08,8.80000,8.83000,8.75000,8.79000,153600
406,2021-09-07,8.84000,8.84000,8.79000,8.83000,182300
407,2021-09-03,8.86000,8.86000,8.75500,8.82000,130000
408,2021-09-02,8.81000,8.86000,8.76000,8.80000,173100
409,2021-09-01,8.86000,8.87000,8.78200,8.80000,216800
410,2021-08-31,8.77000,8.86000,8.74900,8.86000,317400
411,2021-08-30,8.86000,8.93000,8.80000,8.81000,253300
412,2021-08-27,8.81000,9.00000,8.75000,8.89000,225600
413,2021-08-26,8.87000,8.87000,8.76000,8.80000,186800
414,2021-08-25,8.84000,8.90000,8.79000,8.84000,193300
415,2021-08-24,8.84000,8.92000,8.81000,8.84000,158600
416,2021-08-23,8.94000,8.99000,8.82000,8.84000,258100
417,2021-08-20,8.72000,8.92000,8.68000,8.86000,193400
418,2021-08-19,8.86000,8.91000,8.68000,8.73000,167100
419,2021-08-18,8.89000,9.00000,8.80000,8.91000,115200
420,2021-08-17,8.99000,9.02000,8.82000,8.84000,285300
421,2021-08-16,8.88000,9.10000,8.88000,8.99000,182600
422,2021-08-13,9.10000,9.10000,8.95000,8.95000,225000
423,2021-08-12,9.08000,9.13000,9.01000,9.10000,169300
424,2021-08-11,9.08000,9.10000,9.02000,9.04000,92700
425,2021-08-10,9.10000,9.10000,8.95000,9.04000,128900
426,2021-08-09,9.00000,9.10000,8.98000,9.09000,176400
427,2021-08-06,9.04000,9.12000,8.95000,9.00000,131000
428,2021-08-05,8.98000,9.03000,8.96000,8.99000,73200
429,2021-08-04,8.95000,8.98200,8.90500,8.96000,133000
430,2021-08-03,9.01000,9.10000,8.95000,8.96000,211400
431,2021-08-02,9.00000,9.05000,8.92000,8.99000,151900
432,2021-07-30,8.92000,8.95200,8.81000,8.93000,190000
433,2021-07-29,8.85000,9.00000,8.82000,8.90000,172800
434,2021-07-28,8.70000,8.85000,8.69000,8.85000,143300
435,2021-07-27,8.80000,8.80000,8.60000,8.70000,290600
436,2021-07-26,8.75000,8.80000,8.69100,8.76000,326100
437,2021-07-23,8.79000,8.79000,8.64000,8.67000,268900
438,2021-07-22,8.80000,8.80000,8.71000,8.76000,199200
439,2021-07-21,8.40000,8.81000,8.35000,8.75000,3239400
440,2021-07-20,8.98000,9.10000,8.59000,9.10000,371600
441,2021-07-19,9.00000,9.04000,8.90000,8.96000,232400
442,2021-07-16,9.19000,9.24200,9.02000,9.03000,156000
443,2021-07-15,9.20000,9.24900,9.17000,9.17000,103100
444,2021-07-14,9.27000,9.33500,9.20000,9.23000,115400
445,2021-07-13,9.36000,9.52000,9.31000,9.37000,115700
446,2021-07-12,9.21000,9.51000,9.19000,9.37000,264200
447,2021-07-09,9.33000,9.33000,9.18000,9.25000,219600
448,2021-07-08,9.54000,9.54000,9.20000,9.25000,388300
449,2021-07-07,9.72000,9.85000,9.29000,9.64000,392700
450,2021-07-06,9.66000,9.82000,9.60000,9.77000,308800
451,2021-07-02,9.64000,9.76000,9.50000,9.59000,299800
452,2021-07-01,9.60000,9.69000,9.50000,9.64000,302500
453,2021-06-30,9.37000,9.55000,9.31000,9.55000,360400
454,2021-06-29,9.47000,9.47000,9.26000,9.35000,536400
455,2021-06-28,9.07000,9.34000,9.01000,9.23000,449700
456,2021-06-25,9.30000,9.33100,9.00000,9.08000,235500
457,2021-06-24,9.34000,9.41000,9.25000,9.34000,107300
458,2021-06-23,9.22000,9.38000,9.20000,9.34000,133300
459,2021-06-22,9.26000,9.40000,9.23000,9.25000,90600
460,2021-06-21,9.30000,9.40000,9.21000,9.31000,217100
461,2021-06-18,9.22000,9.28000,9.20000,9.22000,108700
462,2021-06-17,9.37000,9.40000,9.16000,9.22000,238400
463,2021-06-16,9.31000,9.40000,9.27000,9.38000,240800
464,2021-06-15,9.28000,9.35000,9.20000,9.30000,322300
465,2021-06-14,9.11000,9.34000,9.00000,9.26000,929200
466,2021-06-11,9.00000,9.07000,8.95000,9.02000,142900
467,2021-06-10,8.99000,9.07000,8.94000,8.99000,122300
468,2021-06-09,8.97000,9.13200,8.95000,8.99000,210800
469,2021-06-08,9.00000,9.10000,8.91000,9.00000,207600
470,2021-06-07,9.15000,9.15000,8.89000,8.95000,290800
471,2021-06-04,9.12000,9.15000,9.02000,9.05000,164000
472,2021-06-03,8.96000,9.10000,8.90000,9.05000,306300
473,2021-06-02,8.91000,8.98000,8.80000,8.95000,268600
474,2021-06-01,8.67000,8.97000,8.66000,8.93000,343700
475,2021-05-28,8.59000,8.75000,8.56000,8.63000,116000
476,2021-05-27,8.61000,8.70000,8.53000,8.62000,151100
477,2021-05-26,8.58000,8.69000,8.53000,8.69000,123200
478,2021-05-25,8.69000,8.76000,8.58000,8.60000,105900
479,2021-05-24,8.57000,8.85000,8.50000,8.58500,109100
480,2021-05-21,8.62000,8.73000,8.57000,8.57000,112400
481,2021-05-20,8.60000,8.86000,8.59000,8.69000,97700
482,2021-05-19,8.68000,8.68000,8.59000,8.60000,79900
483,2021-05-18,8.60000,8.77000,8.59000,8.68000,65200
484,2021-05-17,8.59000,8.79000,8.57000,8.59000,145400
485,2021-05-14,8.98000,8.98000,8.70000,8.70000,241400
486,2021-05-13,8.65000,8.90000,8.65000,8.75000,137100
487,2021-05-12,8.83000,8.93000,8.65000,8.65000,107100
488,2021-05-11,8.92000,8.93000,8.80000,8.92000,113100
489,2021-05-10,8.89000,8.99000,8.74000,8.80000,261300
490,2021-05-07,8.86000,8.99900,8.78000,8.80000,139700
491,2021-05-06,8.98000,8.99000,8.76000,8.87000,217300
492,2021-05-05,8.90000,8.99000,8.80000,8.94000,235400
493,2021-05-04,8.71000,8.91000,8.69000,8.80000,146000
494,2021-05-03,9.00000,9.00000,8.78000,8.78000,176100
495,2021-04-30,8.71000,8.98000,8.68000,8.96000,135700
496,2021-04-29,8.52000,8.73000,8.51000,8.73000,126000
497,2021-04-28,8.51000,8.65000,7.95000,8.48000,690200
498,2021-04-27,8.65000,8.65000,8.55000,8.57000,170900
499,2021-04-26,8.66000,8.70000,8.60000,8.65000,142700
500,2021-04-23,8.69000,8.79000,8.63000,8.66000,75800
501,2021-04-22,8.80000,8.80000,8.60000,8.65000,166700
502,2021-04-21,8.68000,8.78000,8.64000,8.74000,104500
503,2021-04-20,8.69000,8.74400,8.55000,8.63000,132300
504,2021-04-19,8.74000,8.79900,8.61000,8.70000,190100
505,2021-04-16,8.92000,8.92000,8.67000,8.70000,296700
506,2021-04-15,8.99000,9.00000,8.92000,8.94000,103100
507,2021-04-14,9.00000,9.14000,8.92000,8.96000,102500
508,2021-04-13,9.18000,9.19000,9.07000,9.11000,162300
509,2021-04-12,9.11000,9.18000,9.07000,9.18000,115000
510,2021-04-09,9.15000,9.15000,9.04000,9.11000,105600
511,2021-04-08,9.15000,9.16000,9.06000,9.11000,93200
512,2021-04-07,9.17000,9.18000,9.05000,9.15000,109000
513,2021-04-06,9.16000,9.17400,9.02000,9.02000,153400
514,2021-04-05,9.13000,9.20000,9.12000,9.18000,126800
515,2021-04-01,9.10000,9.19000,8.93000,9.12000,117300
516,2021-03-31,9.05000,9.19000,9.02000,9.08000,77600
517,2021-03-30,9.12000,9.20000,9.00000,9.08000,93800
518,2021-03-29,9.18000,9.24000,9.13000,9.19000,100400
519,2021-03-26,8.97000,9.22000,8.96000,9.18000,102000
520,2021-03-25,8.93000,9.00000,8.89000,8.97000,87500
521,2021-03-24,9.09000,9.24000,8.88000,8.96000,132900
522,2021-03-23,9.14000,9.19000,8.99000,9.02000,151700
523,2021-03-22,9.28000,9.28000,9.15000,9.16000,103600
524,2021-03-19,9.18000,9.24900,9.11000,9.20000,104200
525,2021-03-18,9.44000,9.44000,9.07000,9.15000,173300
526,2021-03-17,9.29000,9.48000,9.22000,9.34000,191900
527,2021-03-16,9.28000,9.35000,9.21000,9.24000,137000
528,2021-03-15,9.21000,9.30000,9.19000,9.27000,124300
529,2021-03-12,9.16000,9.36000,9.15000,9.30000,316700
530,2021-03-12,9.16000,9.36000,9.15000,9.30000,316700
531,2021-03-11,9.07000,9.19000,9.00000,9.15000,310400
532,2021-03-11,9.07000,9.19000,9.00000,9.15000,310400
533,2021-03-10,8.90000,9.08500,8.78000,9.05000,358500
534,2021-03-10,8.90000,9.08500,8.78000,9.05000,358500
535,2021-03-09,8.69000,8.80000,8.65000,8.75000,133600
536,2021-03-09,8.69000,8.80000,8.65000,8.75000,133600
537,2021-03-08,8.62000,8.74000,8.60000,8.68000,191600
538,2021-03-08,8.62000,8.74000,8.60000,8.68000,191600
539,2021-03-05,8.60000,8.62000,8.53300,8.60000,203600
540,2021-03-05,8.60000,8.62000,8.53300,8.60000,203600
541,2021-03-04,8.56000,8.59000,8.47000,8.55000,128400
542,2021-03-04,8.56000,8.59000,8.47000,8.55000,128400
543,2021-03-03,8.61000,8.68000,8.54000,8.55000,139100
544,2021-03-03,8.61000,8.68000,8.54000,8.55000,139100
545,2021-03-02,8.65000,8.65000,8.54000,8.54000,192800
546,2021-03-02,8.65000,8.65000,8.54000,8.54000,192800
547,2021-03-01,8.70000,8.73000,8.57000,8.64000,353900
548,2021-03-01,8.70000,8.73000,8.57000,8.64000,353900
549,2021-02-26,8.35000,8.50000,8.31000,8.40000,251300
550,2021-02-26,8.35000,8.50000,8.31000,8.40000,251300
551,2021-02-25,8.26000,8.50000,8.25000,8.30000,1074700
552,2021-02-25,8.26000,8.50000,8.25000,8.30000,1074700
553,2021-02-24,9.15000,9.17600,9.07000,9.11000,81100
554,2021-02-24,9.15000,9.17600,9.07000,9.11000,81100
555,2021-02-23,8.99000,9.10500,8.64000,9.07000,174000
556,2021-02-23,8.99000,9.10500,8.64000,9.07000,174000
557,2021-02-22,8.77000,9.13000,8.72300,8.95000,196600
558,2021-02-22,8.77000,9.13000,8.72300,8.95000,196600
559,2021-02-19,8.52000,8.68000,8.52000,8.63000,88800
560,2021-02-19,8.52000,8.68000,8.52000,8.63000,88800
561,2021-02-18,8.69000,8.82000,8.42000,8.52000,188900
562,2021-02-18,8.69000,8.82000,8.42000,8.52000,188900
563,2021-02-17,8.70000,8.72000,8.65000,8.67000,193300
564,2021-02-17,8.70000,8.72000,8.65000,8.67000,193300
565,2021-02-16,8.64000,8.85000,8.58000,8.66000,311600
566,2021-02-16,8.64000,8.85000,8.58000,8.66000,311600
567,2021-02-12,8.73000,8.75000,8.55000,8.64000,154200
568,2021-02-12,8.73000,8.75000,8.55000,8.64000,154200
569,2021-02-11,8.55000,8.65000,8.54000,8.55000,93200
570,2021-02-11,8.55000,8.65000,8.54000,8.55000,93200
571,2021-02-10,8.58000,8.64000,8.40000,8.50000,161600
572,2021-02-10,8.58000,8.64000,8.40000,8.50000,161600
573,2021-02-09,8.19000,8.60000,8.19000,8.36000,443200
574,2021-02-09,8.19000,8.60000,8.19000,8.36000,443200
575,2021-02-08,8.44000,8.46000,8.20000,8.29000,148500
576,2021-02-08,8.44000,8.46000,8.20000,8.29000,148500
577,2021-02-05,8.21000,8.39000,8.14000,8.38000,110100
578,2021-02-05,8.21000,8.39000,8.14000,8.38000,110100
579,2021-02-04,8.00000,8.25000,8.00000,8.14000,73100
580,2021-02-04,8.00000,8.25000,8.00000,8.14000,73100
581,2021-02-03,8.01000,8.07700,7.90000,8.01000,121500
582,2021-02-03,8.01000,8.07700,7.90000,8.01000,121500
583,2021-02-02,8.01000,8.23000,8.00100,8.11000,126300
584,2021-02-02,8.01000,8.23000,8.00100,8.11000,126300
585,2021-02-01,7.85000,8.10000,7.80000,8.10000,79400
586,2021-02-01,7.85000,8.10000,7.80000,8.10000,79400
587,2021-01-29,7.93000,7.95000,7.75000,7.79000,63000
588,2021-01-29,7.93000,7.95000,7.75000,7.79000,63000
589,2021-01-28,7.82000,8.00000,7.80000,7.93000,45700
590,2021-01-28,7.82000,8.00000,7.80000,7.93000,45700
591,2021-01-27,7.81000,7.91500,7.70000,7.87000,82400
592,2021-01-27,7.81000,7.91500,7.70000,7.87000,82400
593,2021-01-26,7.89000,7.98000,7.67000,7.78000,142700
594,2021-01-26,7.89000,7.98000,7.67000,7.78000,142700
595,2021-01-25,8.10000,8.10000,7.74000,7.89000,231600
596,2021-01-25,8.10000,8.10000,7.74000,7.89000,231600
597,2021-01-22,8.03000,8.15000,7.92000,8.12000,130400
598,2021-01-22,8.03000,8.15000,7.92000,8.12000,130400
599,2021-01-21,8.06000,8.12000,8.02000,8.05000,72900
600,2021-01-21,8.06000,8.12000,8.02000,8.05000,72900
601,2021-01-20,8.02000,8.10000,7.99000,8.06000,93800
602,2021-01-20,8.02000,8.10000,7.99000,8.06000,93800
603,2021-01-19,7.99000,8.00000,7.90000,8.00000,81700
604,2021-01-19,7.99000,8.00000,7.90000,8.00000,81700
605,2021-01-15,7.90000,7.98000,7.85100,7.90000,66800
606,2021-01-15,7.90000,7.98000,7.85100,7.90000,66800
607,2021-01-14,8.01000,8.01000,7.87000,7.97000,64700
608,2021-01-14,8.01000,8.01000,7.87000,7.97000,64700
609,2021-01-13,7.90000,8.05500,7.90000,8.04000,45200
610,2021-01-13,7.90000,8.05500,7.90000,8.04000,45200
611,2021-01-12,7.75000,7.98000,7.75000,7.94000,98200
612,2021-01-12,7.75000,7.98000,7.75000,7.94000,98200
613,2021-01-11,7.87000,7.90000,7.73000,7.82000,132500
614,2021-01-11,7.87000,7.90000,7.73000,7.82000,132500
615,2021-01-08,7.96000,7.96000,7.77000,7.87000,88800
616,2021-01-08,7.96000,7.96000,7.77000,7.87000,88800
617,2021-01-07,7.78000,7.95000,7.77000,7.77000,95100
618,2021-01-07,7.78000,7.95000,7.77000,7.77000,95100
619,2021-01-06,7.78000,7.92000,7.70000,7.82000,205800
620,2021-01-06,7.78000,7.92000,7.70000,7.82000,205800
621,2021-01-05,7.50000,7.89000,7.50000,7.70000,190000
622,2021-01-05,7.50000,7.89000,7.50000,7.70000,190000
623,2021-01-04,7.50000,7.62000,7.35000,7.44000,215800
624,2021-01-04,7.50000,7.62000,7.35000,7.44000,215800
625,2020-12-31,7.52000,7.60000,7.25000,7.50000,130300
626,2020-12-31,7.52000,7.60000,7.25000,7.50000,130300
627,2020-12-30,7.60000,7.71500,7.45000,7.50000,179500
628,2020-12-30,7.60000,7.71500,7.45000,7.50000,179500
629,2020-12-29,7.80000,7.87000,7.60000,7.65000,137700
630,2020-12-29,7.80000,7.87000,7.60000,7.65000,137700
631,2020-12-28,7.90000,7.90000,7.75000,7.78000,151500
632,2020-12-28,7.90000,7.90000,7.75000,7.78000,151500
633,2020-12-24,8.10000,8.15200,7.80000,7.87000,116300
634,2020-12-24,8.10000,8.15200,7.80000,7.87000,116300
635,2020-12-23,8.00000,8.35000,7.91000,8.00000,286400
636,2020-12-23,8.00000,8.35000,7.91000,8.00000,286400
637,2020-12-22,7.70000,7.98000,7.65000,7.94000,125000
638,2020-12-22,7.70000,7.98000,7.65000,7.94000,125000
639,2020-12-21,7.68000,7.74000,7.58000,7.66000,52300
640,2020-12-21,7.68000,7.74000,7.58000,7.66000,52300
641,2020-12-18,7.79000,7.85000,7.61000,7.73000,76200
642,2020-12-18,7.79000,7.85000,7.61000,7.73000,76200
643,2020-12-17,7.67000,7.80000,7.65000,7.75000,69500
644,2020-12-17,7.67000,7.80000,7.65000,7.75000,69500
645,2020-12-16,7.72000,7.74000,7.60000,7.69000,95600
646,2020-12-16,7.72000,7.74000,7.60000,7.69000,95600
647,2020-12-15,7.60000,7.80000,7.55200,7.69000,193700
648,2020-12-15,7.60000,7.80000,7.55200,7.69000,193700
649,2020-12-14,7.56000,7.66000,7.47000,7.56000,101900
650,2020-12-14,7.56000,7.66000,7.47000,7.56000,101900
651,2020-12-11,7.65000,7.65000,7.48000,7.52500,143200
652,2020-12-11,7.65000,7.65000,7.48000,7.52500,143200
653,2020-12-10,7.56000,7.72000,7.53300,7.64000,164700
654,2020-12-10,7.56000,7.72000,7.53300,7.64000,164700
655,2020-12-09,7.59000,7.60000,7.50000,7.54000,63200
656,2020-12-09,7.59000,7.60000,7.50000,7.54000,63200
657,2020-12-08,7.59000,7.63000,7.50000,7.58000,84400
658,2020-12-08,7.59000,7.63000,7.50000,7.58000,84400
659,2020-12-07,7.56000,7.68000,7.50000,7.54000,126100
660,2020-12-07,7.56000,7.68000,7.50000,7.54000,126100
661,2020-12-04,7.57000,7.79800,7.47100,7.52000,83000
662,2020-12-04,7.57000,7.79800,7.47100,7.52000,83000
663,2020-12-03,7.67000,7.81500,7.58000,7.60000,67600
664,2020-12-03,7.67000,7.81500,7.58000,7.60000,67600
665,2020-12-02,7.50000,7.75000,7.50000,7.69000,89100
666,2020-12-02,7.50000,7.75000,7.50000,7.69000,89100
667,2020-12-01,7.48000,7.54800,7.37000,7.53000,73200
668,2020-12-01,7.48000,7.54800,7.37000,7.53000,73200
669,2020-11-30,7.40000,7.46000,7.38000,7.40000,63400
670,2020-11-30,7.40000,7.46000,7.38000,7.40000,63400
671,2020-11-27,7.40000,7.43000,7.36000,7.39000,22500
672,2020-11-27,7.40000,7.43000,7.36000,7.39000,22500
673,2020-11-25,7.31000,7.47100,7.25000,7.38000,54500
674,2020-11-25,7.31000,7.47100,7.25000,7.38000,54500
675,2020-11-24,7.64000,7.65000,7.30000,7.34000,183300
676,2020-11-24,7.64000,7.65000,7.30000,7.34000,183300
677,2020-11-23,7.44000,7.65000,7.44000,7.57000,95600
678,2020-11-23,7.44000,7.65000,7.44000,7.57000,95600
679,2020-11-20,7.40000,7.70000,7.40000,7.50000,61900
680,2020-11-20,7.40000,7.70000,7.40000,7.50000,61900
681,2020-11-19,7.26000,7.54400,7.25000,7.50000,60000
682,2020-11-19,7.26000,7.54400,7.25000,7.50000,60000
683,2020-11-18,7.39000,7.45500,7.26000,7.34000,54800
684,2020-11-18,7.39000,7.45500,7.26000,7.34000,54800
685,2020-11-17,7.60000,7.60000,7.36000,7.39000,105300
686,2020-11-17,7.60000,7.60000,7.36000,7.39000,105300
687,2020-11-16,7.55000,7.67000,7.49000,7.58000,74200
688,2020-11-16,7.55000,7.67000,7.49000,7.58000,74200
689,2020-11-13,7.50000,7.64600,7.49000,7.59000,106400
690,2020-11-13,7.50000,7.64600,7.49000,7.59000,106400
691,2020-11-12,7.44000,7.56000,7.35000,7.49000,78300
692,2020-11-12,7.44000,7.56000,7.35000,7.49000,78300
693,2020-11-11,7.35000,7.62100,7.25000,7.43000,113100
694,2020-11-11,7.35000,7.62100,7.25000,7.43000,113100
695,2020-11-10,7.19000,7.35000,7.16200,7.29000,50800
696,2020-11-10,7.19000,7.35000,7.16200,7.29000,50800
697,2020-11-09,7.20000,7.35000,7.10000,7.15000,101600
698,2020-11-09,7.20000,7.35000,7.10000,7.15000,101600
699,2020-11-06,7.40000,7.51000,7.03000,7.08000,109700
700,2020-11-06,7.40000,7.51000,7.03000,7.08000,109700
701,2020-11-05,7.35000,7.63000,7.22000,7.44000,123000
702,2020-11-05,7.35000,7.63000,7.22000,7.44000,123000
703,2020-11-04,7.24000,7.44500,7.15000,7.30000,64900
704,2020-11-04,7.24000,7.44500,7.15000,7.30000,64900
705,2020-11-03,7.26000,7.39000,7.17500,7.29000,70200
706,2020-11-03,7.26000,7.39000,7.17500,7.29000,70200
707,2020-11-02,7.36000,7.37900,7.10000,7.25000,140800
708,2020-11-02,7.36000,7.37900,7.10000,7.25000,140800
709,2020-10-30,7.02000,7.29000,7.00000,7.19000,189500
710,2020-10-29,7.00000,7.10000,6.93000,6.98000,46500
711,2020-10-28,7.04000,7.09800,6.90000,6.96000,112300
712,2020-10-27,7.23000,7.29000,7.14000,7.15000,61400
713,2020-10-26,7.20000,7.22000,7.09000,7.12000,93500
714,2020-10-23,7.24000,7.24000,7.06000,7.10000,86900
715,2020-10-22,7.04000,7.29300,7.00000,7.10000,231800
716,2020-10-21,6.86000,7.00000,6.86000,6.93000,46400
717,2020-10-20,6.79000,6.92000,6.79000,6.86000,27600
718,2020-10-19,6.94000,7.10000,6.82000,6.85500,87800
719,2020-10-16,6.99000,7.10000,6.97300,6.98000,31000
720,2020-10-15,7.02000,7.09000,6.95000,6.98200,46400
721,2020-10-14,6.95000,7.10000,6.95000,7.05000,42200
722,2020-10-13,6.98000,7.05000,6.88000,7.05000,41200
723,2020-10-12,6.65000,6.98500,6.65000,6.95000,103000
724,2020-10-09,6.82000,6.87300,6.67000,6.67000,74000
725,2020-10-08,6.70000,6.94000,6.70000,6.86400,71700
726,2020-10-07,6.83000,6.88000,6.67000,6.74000,84500
727,2020-10-06,6.60000,6.89800,6.60000,6.63000,70500
728,2020-10-05,6.33000,7.01000,6.33000,6.57000,152400
729,2020-10-02,6.10000,6.38000,6.03000,6.26000,251700
730,2020-10-01,6.02000,6.05000,6.01000,6.04000,43300
731,2020-09-30,6.00000,6.06000,5.93000,5.99000,79000
732,2020-09-29,6.03000,6.03000,5.98000,5.98500,23900
733,2020-09-28,5.91000,6.04000,5.91000,5.98000,37600
734,2020-09-25,5.98000,5.98000,5.89000,5.94800,39900
735,2020-09-24,5.92000,5.95000,5.88600,5.95000,27800
736,2020-09-23,6.03000,6.03000,5.84000,5.90000,87500
737,2020-09-22,6.02000,6.02000,5.95000,5.97000,21900
738,2020-09-21,6.04000,6.06000,5.98000,5.98200,37600
739,2020-09-18,6.05000,6.07000,6.05000,6.05000,12100
740,2020-09-17,6.08000,6.08000,6.04000,6.05000,18500
741,2020-09-16,6.13000,6.13000,6.03000,6.07000,53200
742,2020-09-15,6.13000,6.13000,6.06000,6.09000,36500
743,2020-09-14,6.13000,6.23000,6.10000,6.12000,38200
744,2020-09-11,6.14000,6.15000,6.11000,6.14000,48900
745,2020-09-10,6.15000,6.15000,6.09000,6.15000,55400
746,2020-09-09,6.09000,6.14000,6.08000,6.10900,57300
747,2020-09-08,6.00000,6.10000,6.00000,6.10000,35200
748,2020-09-04,6.00000,6.03000,5.97000,6.00300,50100
749,2020-09-03,6.10000,6.11000,6.00000,6.01000,52300
750,2020-09-02,6.04000,6.09000,6.04000,6.08000,40900
751,2020-09-01,6.07000,6.10000,6.04000,6.07500,32000
752,2020-08-31,6.04000,6.04000,6.02000,6.03000,24100
753,2020-08-28,6.02000,6.03000,6.00800,6.02000,23400
754,2020-08-27,6.03000,6.03000,5.98000,5.98000,42200
755,2020-08-26,6.03000,6.04000,5.99000,6.01000,67900
756,2020-08-25,6.03000,6.03000,5.92000,5.99000,48600
757,2020-08-24,6.01000,6.04000,5.97100,5.99000,31100
758,2020-08-21,6.00000,6.07000,5.96000,6.00000,37700
759,2020-08-20,6.01000,6.03000,5.96000,6.00000,24900
760,2020-08-19,6.01000,6.03000,5.99900,6.01000,26400
761,2020-08-18,6.02000,6.03500,5.96000,6.01000,44800
762,2020-08-17,6.01000,6.09000,5.99000,6.05000,83700
763,2020-08-14,6.02000,6.09000,6.02000,6.07000,29600
764,2020-08-13,6.07000,6.08000,6.04000,6.06000,46300
765,2020-08-12,6.00000,6.07500,6.00000,6.05000,27400
766,2020-08-11,6.12000,6.13000,6.02000,6.02000,47400
767,2020-08-10,6.00000,6.09000,5.99000,6.08000,75100
768,2020-08-07,6.08000,6.08000,5.99000,5.99500,21000
769,2020-08-06,6.00000,6.02000,5.98000,6.00000,43200
770,2020-08-05,5.99000,6.02000,5.98200,6.01000,50000
771,2020-08-04,5.94000,6.02000,5.93000,6.00000,105900
772,2020-08-03,5.99000,6.02000,5.96400,5.98000,58200
773,2020-07-31,5.98500,5.98500,5.92000,5.97000,38800
774,2020-07-30,6.13000,6.13000,5.91000,5.97000,76600
775,2020-07-29,5.97000,6.11000,5.97000,6.11000,29000
776,2020-07-28,6.00000,6.00000,5.99000,6.00000,15200
777,2020-07-27,6.00000,6.02000,5.98000,5.98000,13500
778,2020-07-24,5.96000,6.15000,5.95000,6.01200,32400
779,2020-07-23,6.01600,6.04000,5.96000,5.98000,10300
780,2020-07-22,6.02000,6.06300,6.01700,6.03000,14700
781,2020-07-21,5.96000,6.02000,5.96000,6.00000,18700
782,2020-07-20,5.96000,6.02000,5.93000,5.96000,36600
783,2020-07-17,6.00000,6.03000,5.96600,6.00000,29000
784,2020-07-16,6.01000,6.03000,5.97000,6.00000,26600
785,2020-07-15,5.94000,6.00000,5.90000,5.95000,50400
786,2020-07-14,5.90000,6.00700,5.83500,5.98000,38300
787,2020-07-13,6.03000,6.08000,5.94000,6.05000,64700
788,2020-07-10,5.96000,6.11000,5.94500,6.04000,51700
789,2020-07-09,6.15000,6.19000,5.88000,5.96000,59700
790,2020-07-08,6.36000,6.40000,6.08000,6.13000,150100
791,2020-07-07,5.95000,6.80000,5.89000,6.55000,374300
792,2020-07-06,5.94000,6.03000,5.85000,5.95000,132800
793,2020-07-02,5.86000,5.90000,5.80000,5.88000,55200
794,2020-07-01,5.75000,5.85000,5.69000,5.85000,68600
795,2020-06-30,5.61000,5.73000,5.61000,5.69000,34200
796,2020-06-29,5.62000,5.68000,5.58000,5.65000,44600
797,2020-06-26,5.40000,5.62000,5.40000,5.55000,95800
798,2020-06-25,5.52000,5.52000,5.47000,5.51000,66900
799,2020-06-24,5.57000,5.57000,5.44000,5.52000,59200
800,2020-06-23,5.46000,5.54000,5.45000,5.53500,31300
801,2020-06-22,5.47000,5.49800,5.43000,5.43000,19600
802,2020-06-19,5.49300,5.55000,5.40000,5.46000,62800
803,2020-06-18,5.40000,5.51000,5.40000,5.50000,23700
804,2020-06-17,5.47000,5.55700,5.46000,5.47000,35000
805,2020-06-16,5.40000,5.54500,5.40000,5.47000,43500
806,2020-06-15,5.40000,5.40000,5.27000,5.34000,39000
807,2020-06-12,5.35000,5.51000,5.34500,5.42000,93600
808,2020-06-11,5.60000,5.60000,5.31500,5.34000,122700
809,2020-06-10,5.72000,5.74100,5.68000,5.72000,27200
810,2020-06-09,5.75000,5.75000,5.68300,5.73000,35800
811,2020-06-08,5.74000,5.74000,5.53000,5.72000,190200
812,2020-06-05,5.70000,5.80000,5.49000,5.50000,141300
813,2020-06-04,5.40000,5.60000,5.36000,5.43000,94300
814,2020-06-03,5.15000,5.39000,5.15000,5.35000,125100
815,2020-06-02,5.17000,5.20000,5.12000,5.15000,66900
816,2020-06-01,5.02000,5.17000,4.99000,5.13000,90300
817,2020-05-29,4.99000,5.03000,4.98000,4.99000,83400
818,2020-05-28,5.06000,5.06000,4.97000,5.00000,108400
819,2020-05-27,4.99000,4.99000,4.88000,4.98000,43700
820,2020-05-26,5.00000,5.00000,4.85100,4.92000,50900
821,2020-05-22,4.88000,4.88000,4.79000,4.86000,33000
822,2020-05-21,4.85000,4.89400,4.83000,4.87000,77600
823,2020-05-20,4.84000,4.88000,4.79000,4.81000,33300
824,2020-05-19,4.73000,4.80000,4.71000,4.80000,39500
825,2020-05-18,4.68000,4.79000,4.68000,4.71000,83400
826,2020-05-15,4.73000,4.73000,4.63000,4.68000,47000
827,2020-05-14,4.74000,4.75000,4.55000,4.69000,162300
828,2020-05-13,4.91000,4.91000,4.81000,4.83000,157500
829,2020-05-12,4.85000,4.88000,4.85000,4.85000,70200
830,2020-05-11,4.83000,4.87600,4.81000,4.83000,69100
831,2020-05-08,4.76000,4.85000,4.76000,4.84000,55300
832,2020-05-07,4.77000,4.85000,4.77000,4.80000,31700
833,2020-05-06,4.74000,4.84000,4.74000,4.82000,102300
834,2020-05-05,4.79000,4.89000,4.78000,4.79000,127000
835,2020-05-04,4.78000,4.89000,4.59000,4.78000,128600
836,2020-05-01,4.95000,4.95000,4.75000,4.82000,93800
837,2020-04-30,5.00000,5.00000,4.80000,4.87000,138400
838,2020-04-29,4.74000,4.94000,4.72700,4.81000,218900
839,2020-04-28,4.65000,4.71000,4.59000,4.71000,153000
840,2020-04-27,4.49000,4.64000,4.39000,4.64000,118700
841,2020-04-24,4.48000,4.49000,4.43000,4.43000,48900
842,2020-04-23,4.50000,4.56500,4.42000,4.44000,47600
843,2020-04-22,4.55000,4.55000,4.41300,4.47000,65100
844,2020-04-21,4.35000,4.45000,4.32000,4.39000,47600
845,2020-04-20,4.49000,4.56900,4.38000,4.42500,141700
846,2020-04-17,4.53000,4.59000,4.39000,4.46000,68900
847,2020-04-16,4.33000,4.47400,4.31000,4.41000,53500
848,2020-04-15,4.64000,4.67700,4.31800,4.37000,304500
849,2020-04-14,4.74000,4.88500,4.64000,4.69000,241500
850,2020-04-13,5.05000,5.05000,4.76000,4.80000,151000
851,2020-04-09,4.82000,5.08000,4.76000,4.84000,95700
852,2020-04-08,4.47000,4.79000,4.47000,4.64000,88500
853,2020-04-07,4.27000,4.55000,4.27000,4.49000,101700
854,2020-04-06,4.21000,4.44000,4.21000,4.36900,80900
855,2020-04-03,4.34000,4.50000,4.15000,4.27000,157300
856,2020-04-02,4.50000,4.50000,4.35000,4.47000,163500
857,2020-04-01,4.40000,4.62000,4.15000,4.44000,159800
858,2020-03-31,4.49000,4.61900,4.31000,4.49000,156500
859,2020-03-30,5.07000,5.09000,4.67000,4.68000,103500
860,2020-03-27,4.13000,5.29000,4.12000,5.19000,385500
861,2020-03-26,4.16000,4.95200,4.16000,4.58000,250500
862,2020-03-25,4.10000,4.95000,4.08100,4.21000,215500
863,2020-03-24,5.26000,5.43000,3.84000,4.07500,346400
864,2020-03-23,4.89000,5.48000,4.15000,5.24000,282000
865,2020-03-20,4.59000,5.16700,4.59000,4.82000,96900
866,2020-03-19,4.01000,4.54500,3.67000,4.48000,229800
867,2020-03-18,4.97000,5.00000,4.05000,4.15000,383000
868,2020-03-17,5.42000,5.45000,5.20000,5.36000,167600
869,2020-03-16,5.45000,5.72000,5.31000,5.45000,226700
870,2020-03-13,6.03000,6.55000,5.94000,6.07000,230600
871,2020-03-12,6.19000,6.25000,5.53000,5.94000,310000
872,2020-03-11,6.73000,6.80000,6.52000,6.52000,63800
873,2020-03-10,7.00000,7.03000,6.76000,6.89000,93500
874,2020-03-09,7.08000,7.08000,6.62000,6.73000,223000
875,2020-03-06,7.44000,7.58000,7.22000,7.32000,200900
876,2020-03-06,7.44000,7.58000,7.22000,7.32000,200900
877,2020-03-05,8.13000,8.13000,7.66000,7.66000,141700
878,2020-03-05,8.13000,8.13000,7.66000,7.66000,141700
879,2020-03-04,7.70000,8.12500,7.70000,8.00000,129900
880,2020-03-04,7.70000,8.12500,7.70000,8.00000,129900
881,2020-03-03,7.50000,7.65000,7.45000,7.62000,246500
882,2020-03-03,7.50000,7.65000,7.45000,7.62000,246500
883,2020-03-02,7.70000,7.93000,7.28000,7.40000,426700
884,2020-03-02,7.70000,7.93000,7.28000,7.40000,426700
885,2020-02-28,8.00000,8.02000,7.69000,7.70000,182600
886,2020-02-28,8.00000,8.02000,7.69000,7.70000,182600
887,2020-02-27,8.11000,8.20000,7.96000,8.03000,206200
888,2020-02-27,8.11000,8.20000,7.96000,8.03000,206200
889,2020-02-26,8.21000,8.26000,8.13000,8.17000,194100
890,2020-02-26,8.21000,8.26000,8.13000,8.17000,194100
891,2020-02-25,8.30000,8.30000,8.11000,8.21000,368900
892,2020-02-25,8.30000,8.30000,8.11000,8.21000,368900
893,2020-02-24,8.18000,8.26000,8.15000,8.25000,350700
894,2020-02-24,8.18000,8.26000,8.15000,8.25000,350700
895,2020-02-21,8.30000,8.31000,8.20000,8.24000,473200
896,2020-02-21,8.30000,8.31000,8.20000,8.24000,473200
897,2020-02-20,8.29000,8.31000,8.22000,8.27000,137500
898,2020-02-20,8.29000,8.31000,8.22000,8.27000,137500
899,2020-02-19,8.32000,8.32000,8.25000,8.30000,71600
900,2020-02-19,8.32000,8.32000,8.25000,8.30000,71600
901,2020-02-18,8.27000,8.31000,8.24000,8.28000,178800
902,2020-02-18,8.27000,8.31000,8.24000,8.28000,178800
903,2020-02-14,8.29000,8.35800,8.27000,8.28000,119400
904,2020-02-14,8.29000,8.35800,8.27000,8.28000,119400
905,2020-02-13,8.38000,8.40000,8.29000,8.32000,203800
906,2020-02-13,8.38000,8.40000,8.29000,8.32000,203800
907,2020-02-12,8.36000,8.57500,8.30000,8.35000,560800
908,2020-02-12,8.36000,8.57500,8.30000,8.35000,560800
909,2020-02-11,8.33000,8.35000,8.28000,8.35000,167000
910,2020-02-11,8.33000,8.35000,8.28000,8.35000,167000
911,2020-02-10,8.35000,8.37200,8.25000,8.26000,104200
912,2020-02-10,8.35000,8.37200,8.25000,8.26000,104200
913,2020-02-07,8.32000,8.39000,8.23000,8.26000,117500
914,2020-02-07,8.32000,8.39000,8.23000,8.26000,117500
915,2020-02-06,8.24000,8.34000,8.23000,8.31000,167200
916,2020-02-06,8.24000,8.34000,8.23000,8.31000,167200
917,2020-02-05,8.26000,8.27500,8.24000,8.24000,106700
918,2020-02-05,8.26000,8.27500,8.24000,8.24000,106700
919,2020-02-04,8.30000,8.31900,8.22000,8.26000,116300
920,2020-02-04,8.30000,8.31900,8.22000,8.26000,116300
921,2020-02-03,8.31000,8.32000,8.22000,8.27000,80000
922,2020-02-03,8.31000,8.32000,8.22000,8.27000,80000
923,2020-01-31,8.20000,8.27900,8.20000,8.24000,39800
924,2020-01-31,8.20000,8.27900,8.20000,8.24000,39800
925,2020-01-30,8.23000,8.25000,8.21000,8.21000,48600
926,2020-01-30,8.23000,8.25000,8.21000,8.21000,48600
927,2020-01-29,8.25000,8.29000,8.25000,8.25000,46900
928,2020-01-29,8.25000,8.29000,8.25000,8.25000,46900
929,2020-01-28,8.28000,8.28900,8.24000,8.26000,39100
930,2020-01-28,8.28000,8.28900,8.24000,8.26000,39100
931,2020-01-27,8.24000,8.28000,8.20000,8.23000,144200
932,2020-01-27,8.24000,8.28000,8.20000,8.23000,144200
933,2020-01-24,8.30000,8.33000,8.23000,8.23000,79300
934,2020-01-24,8.30000,8.33000,8.23000,8.23000,79300
935,2020-01-23,8.26000,8.30000,8.26000,8.27000,60400
936,2020-01-23,8.26000,8.30000,8.26000,8.27000,60400
937,2020-01-22,8.24000,8.30000,8.22000,8.28000,54600
938,2020-01-22,8.24000,8.30000,8.22000,8.28000,54600
939,2020-01-21,8.22000,8.28000,8.20000,8.20000,129500
940,2020-01-21,8.22000,8.28000,8.20000,8.20000,129500
941,2020-01-17,8.21000,8.24000,8.19500,8.20000,78900
942,2020-01-17,8.21000,8.24000,8.19500,8.20000,78900
943,2020-01-16,8.18000,8.21000,8.15000,8.19000,75800
944,2020-01-16,8.18000,8.21000,8.15000,8.19000,75800
945,2020-01-15,8.14000,8.17000,8.07900,8.16000,78300
946,2020-01-15,8.14000,8.17000,8.07900,8.16000,78300
947,2020-01-14,8.15000,8.21000,8.13000,8.14000,96900
948,2020-01-14,8.15000,8.21000,8.13000,8.14000,96900
949,2020-01-13,8.20000,8.20000,8.13700,8.15000,163700
950,2020-01-13,8.20000,8.20000,8.13700,8.15000,163700
951,2020-01-10,8.18000,8.22000,8.15000,8.17000,116200
952,2020-01-10,8.18000,8.22000,8.15000,8.17000,116200
953,2020-01-09,8.24000,8.27000,8.19000,8.19000,126100
954,2020-01-09,8.24000,8.27000,8.19000,8.19000,126100
955,2020-01-08,8.21000,8.25000,8.20000,8.22000,88800
956,2020-01-08,8.21000,8.25000,8.20000,8.22000,88800
957,2020-01-07,8.23000,8.25000,8.18000,8.19000,93500
958,2020-01-07,8.23000,8.25000,8.18000,8.19000,93500
959,2020-01-06,8.05000,8.23000,8.05000,8.23000,65000
960,2020-01-06,8.05000,8.23000,8.05000,8.23000,65000
961,2020-01-03,8.17000,8.19000,8.12000,8.16000,64400
962,2020-01-03,8.17000,8.19000,8.12000,8.16000,64400
963,2020-01-02,8.10000,8.20000,8.10000,8.19000,65900
964,2020-01-02,8.10000,8.20000,8.10000,8.19000,65900
965,2019-12-31,8.03000,8.12000,8.00000,8.09000,117700
966,2019-12-31,8.03000,8.12000,8.00000,8.09000,117700
967,2019-12-30,8.04000,8.07400,8.01000,8.03000,96400
968,2019-12-30,8.04000,8.07400,8.01000,8.03000,96400
969,2019-12-27,8.02000,8.03300,8.00000,8.01500,463700
970,2019-12-27,8.02000,8.03300,8.00000,8.01500,463700
971,2019-12-26,8.03000,8.03500,8.00000,8.01000,139400
972,2019-12-26,8.03000,8.03500,8.00000,8.01000,139400
973,2019-12-24,8.02000,8.06900,8.01000,8.02800,88300
974,2019-12-24,8.02000,8.06900,8.01000,8.02800,88300
975,2019-12-23,8.05000,8.08000,8.00000,8.00000,150900
976,2019-12-23,8.05000,8.08000,8.00000,8.00000,150900
977,2019-12-20,8.01000,8.11700,8.01000,8.06000,137800
978,2019-12-20,8.01000,8.11700,8.01000,8.06000,137800
979,2019-12-19,8.03000,8.08500,8.03000,8.05000,107700
980,2019-12-19,8.03000,8.08500,8.03000,8.05000,107700
981,2019-12-18,8.11000,8.12000,8.02000,8.05000,75600
982,2019-12-18,8.11000,8.12000,8.02000,8.05000,75600
983,2019-12-17,8.11000,8.12000,8.02000,8.06000,138200
984,2019-12-17,8.11000,8.12000,8.02000,8.06000,138200
985,2019-12-16,8.01000,8.10000,8.00000,8.06000,100500
986,2019-12-16,8.01000,8.10000,8.00000,8.06000,100500
987,2019-12-13,8.00000,8.01000,7.96000,7.99000,60600
988,2019-12-13,8.00000,8.01000,7.96000,7.99000,60600
989,2019-12-12,8.17000,8.17000,8.00000,8.02000,144400
990,2019-12-12,8.17000,8.17000,8.00000,8.02000,144400
991,2019-12-11,8.29000,8.29000,8.10000,8.10000,80300
992,2019-12-11,8.29000,8.29000,8.10000,8.10000,80300
993,2019-12-10,8.34000,8.37000,8.20000,8.22000,107300
994,2019-12-10,8.34000,8.37000,8.20000,8.22000,107300
995,2019-12-09,8.40000,8.40500,8.30000,8.32000,92900
996,2019-12-09,8.40000,8.40500,8.30000,8.32000,92900
997,2019-12-06,8.32000,8.40000,8.30000,8.40000,56900
998,2019-12-06,8.32000,8.40000,8.30000,8.40000,56900
999,2019-12-05,8.45000,8.50000,8.22000,8.36000,251900
1000,2019-12-05,8.45000,8.50000,8.22000,8.36000,251900
1001,2019-12-04,8.31000,8.60000,8.29000,8.45000,107900
1002,2019-12-04,8.31000,8.60000,8.29000,8.45000,107900
1003,2019-12-03,8.34000,8.34000,8.17000,8.31000,137500
1004,2019-12-03,8.34000,8.34000,8.17000,8.31000,137500
1005,2019-12-02,8.34000,8.34000,8.31000,8.32000,86700
1006,2019-12-02,8.34000,8.34000,8.31000,8.32000,86700
1007,2019-11-29,8.34000,8.34000,8.31000,8.32000,20500
1008,2019-11-29,8.34000,8.34000,8.31000,8.32000,20500
1009,2019-11-27,8.32000,8.33000,8.31000,8.32000,92400
1010,2019-11-27,8.32000,8.33000,8.31000,8.32000,92400
1011,2019-11-26,8.35900,8.37000,8.32000,8.32000,67800
1012,2019-11-26,8.35900,8.37000,8.32000,8.32000,67800
1013,2019-11-25,8.38000,8.47000,8.35000,8.35000,69500
1014,2019-11-25,8.38000,8.47000,8.35000,8.35000,69500
1015,2019-11-22,8.47000,8.47000,8.36000,8.36000,36700
1016,2019-11-22,8.47000,8.47000,8.36000,8.36000,36700
1017,2019-11-21,8.40000,8.43000,8.35000,8.43000,85400
1018,2019-11-21,8.40000,8.43000,8.35000,8.43000,85400
1019,2019-11-20,8.43000,8.43100,8.35000,8.35000,45900
1020,2019-11-20,8.43000,8.43100,8.35000,8.35000,45900
1021,2019-11-19,8.40000,8.41000,8.34500,8.40000,108000
1022,2019-11-19,8.40000,8.41000,8.34500,8.40000,108000
1023,2019-11-18,8.56000,8.63000,8.35000,8.35000,163500
1024,2019-11-18,8.56000,8.63000,8.35000,8.35000,163500
1025,2019-11-15,8.23000,8.60000,8.20000,8.55600,532400
1026,2019-11-15,8.23000,8.60000,8.20000,8.55600,532400
1027,2019-11-14,8.95000,8.95000,8.81000,8.85000,65400
1028,2019-11-14,8.95000,8.95000,8.81000,8.85000,65400
1029,2019-11-13,8.90000,9.00000,8.90000,8.93000,31900
1030,2019-11-13,8.90000,9.00000,8.90000,8.93000,31900
1031,2019-11-12,8.90000,8.95200,8.90000,8.90000,21000
1032,2019-11-12,8.90000,8.95200,8.90000,8.90000,21000
1033,2019-11-11,8.84000,8.97000,8.84000,8.94000,42800
1034,2019-11-11,8.84000,8.97000,8.84000,8.94000,42800
1035,2019-11-08,8.90000,8.93300,8.87000,8.88000,15400
1036,2019-11-08,8.90000,8.93300,8.87000,8.88000,15400
1037,2019-11-07,8.90000,8.90000,8.84000,8.90000,33500
1038,2019-11-07,8.90000,8.90000,8.84000,8.90000,33500
1039,2019-11-06,8.86000,8.93900,8.84000,8.84000,23300
1040,2019-11-06,8.86000,8.93900,8.84000,8.84000,23300
1041,2019-11-05,8.99000,8.99000,8.81000,8.86000,116500
1042,2019-11-05,8.99000,8.99000,8.81000,8.86000,116500
1043,2019-11-04,8.96000,9.05300,8.94000,8.98000,116900
1044,2019-11-04,8.96000,9.05300,8.94000,8.98000,116900
1045,2019-11-01,8.99000,9.03000,8.92000,8.92000,71200
1046,2019-10-31,8.96000,9.07000,8.92000,9.00000,90000
1047,2019-10-30,9.00000,9.10000,8.93000,8.93000,98600
1048,2019-10-29,9.04000,9.09000,8.96000,8.99000,206300
1049,2019-10-28,8.84000,9.05000,8.80000,8.92000,324800
1050,2019-10-25,8.72000,8.77000,8.69000,8.75000,58800
1051,2019-10-24,8.75000,8.82500,8.69000,8.70000,84400
1052,2019-10-23,8.46000,8.89000,8.43000,8.72000,449900
1053,2019-10-22,8.62000,8.63000,8.45000,8.50000,64100
1054,2019-10-21,8.60000,8.65000,8.60000,8.62000,30800
1055,2019-10-18,8.67000,8.68600,8.51000,8.62000,63300
1056,2019-10-17,8.88000,8.88300,8.62000,8.71000,69400
1057,2019-10-16,8.80000,8.85000,8.77000,8.77000,28800
1058,2019-10-15,8.86000,8.94000,8.81000,8.83000,21000
1059,2019-10-14,8.90000,8.99000,8.89000,8.89000,23800
1060,2019-10-11,8.88000,8.93000,8.86000,8.90000,35000
1061,2019-10-10,8.89000,8.94000,8.89000,8.92500,23300
1062,2019-10-09,8.97000,8.97800,8.86600,8.89000,30900
1063,2019-10-08,8.90000,9.00000,8.85000,8.89500,72200
1064,2019-10-07,8.89000,9.09000,8.85000,9.01000,99100
1065,2019-10-04,8.87000,8.90000,8.76000,8.90000,90200
1066,2019-10-03,8.71000,8.90000,8.71000,8.89000,38100
1067,2019-10-02,8.88000,8.89900,8.72000,8.77000,43700
1068,2019-10-01,8.88000,8.95000,8.80000,8.84000,54300
1069,2019-09-30,8.91000,8.95000,8.87000,8.95000,14700
1070,2019-09-27,8.87000,8.96000,8.86000,8.87000,26500
1071,2019-09-26,8.92000,8.93000,8.86000,8.87000,9000
1072,2019-09-25,8.97000,9.00000,8.87000,8.88000,30400
1073,2019-09-24,8.98000,8.98000,8.89000,8.97000,34500
1074,2019-09-23,8.96000,9.02700,8.91500,9.00000,58700
1075,2019-09-20,8.90000,9.00300,8.88000,8.96000,22900
1076,2019-09-19,8.95000,9.03000,8.93000,8.94000,44000
1077,2019-09-18,8.95000,9.09000,8.95000,8.99000,11500
1078,2019-09-17,8.96000,9.02000,8.90000,8.95000,29200
1079,2019-09-16,8.96000,9.03000,8.95000,8.98000,39400
1080,2019-09-13,9.02000,9.03000,8.95200,8.96000,41500
1081,2019-09-12,9.03000,9.08000,9.00000,9.06000,27700
1082,2019-09-11,8.98000,9.04500,8.98000,9.00000,20900
1083,2019-09-10,9.03000,9.05300,8.98000,8.99000,16600
1084,2019-09-09,8.97000,9.08000,8.96100,9.00000,18500
1085,2019-09-06,9.07000,9.07800,8.97300,8.99000,79100
1086,2019-09-05,8.93000,9.05000,8.93000,8.98000,72900
1087,2019-09-04,9.00000,9.04900,8.92000,8.95500,64300
1088,2019-09-03,9.08000,9.10700,8.99000,9.00000,48500
1089,2019-08-30,9.01000,9.05000,8.99000,8.99000,43300
1090,2019-08-29,9.02000,9.15000,8.99000,9.01000,42300
1091,2019-08-28,9.01000,9.06000,8.98000,8.99000,56000
1092,2019-08-27,9.10000,9.10000,9.00000,9.00000,32800
1093,2019-08-26,9.11100,9.15000,9.05000,9.07000,18800
1094,2019-08-23,9.22000,9.22000,9.13000,9.13000,11100
1095,2019-08-22,9.15000,9.30000,9.15000,9.30000,68400
1096,2019-08-21,9.18000,9.18000,9.10000,9.14000,31100
1097,2019-08-20,9.15000,9.23000,9.09000,9.17000,72100
1098,2019-08-19,9.10000,9.13400,9.08100,9.12000,27900
1099,2019-08-16,9.12000,9.24900,9.10000,9.13000,19900
1100,2019-08-15,9.35000,9.35000,9.13000,9.20000,17500
1101,2019-08-14,9.23000,9.27600,9.05100,9.21000,41100
1102,2019-08-13,9.22000,9.31000,9.22000,9.31000,30700
1103,2019-08-12,9.25000,9.27000,9.21000,9.22000,24600
1104,2019-08-09,9.25000,9.25000,9.18000,9.24000,33800
1105,2019-08-08,9.34000,9.35000,9.15200,9.18000,44700
1106,2019-08-07,9.27000,9.38000,9.25000,9.38000,31200
1107,2019-08-06,9.25000,9.27700,9.22000,9.26700,34400
1108,2019-08-05,9.30000,9.40000,9.19000,9.29000,46700
1109,2019-08-02,9.29000,9.35000,9.29000,9.35000,22800
1110,2019-08-01,9.23000,9.30000,9.16000,9.29000,94300
1111,2019-07-31,9.19000,9.19000,9.05000,9.12000,81800
1112,2019-07-30,9.12000,9.24900,9.12000,9.19000,16400
1113,2019-07-29,9.14000,9.18000,9.12000,9.14000,28900
1114,2019-07-26,9.16000,9.22800,9.13000,9.14000,29900
1115,2019-07-25,9.35000,9.35000,9.16000,9.16000,44100
1116,2019-07-24,9.17000,9.29000,9.17000,9.22000,24300
1117,2019-07-23,9.30000,9.32000,9.20000,9.20000,20000
1118,2019-07-22,9.35000,9.36000,9.22000,9.24000,47000
1119,2019-07-19,9.43000,9.43000,9.31000,9.31000,35300
1120,2019-07-18,9.42000,9.42100,9.35000,9.35000,25600
1121,2019-07-17,9.39000,9.44000,9.39000,9.44000,17300
1122,2019-07-16,9.49000,9.49000,9.38000,9.39000,43000
1123,2019-07-15,9.39000,9.53000,9.35000,9.53000,43900
1124,2019-07-12,9.49000,9.53000,9.38000,9.39000,79600
1125,2019-07-11,9.47000,9.49000,9.39000,9.40000,37500
1126,2019-07-10,9.45000,9.50000,9.40000,9.50000,33700
1127,2019-07-09,9.50000,9.50000,9.37000,9.45000,25800
1128,2019-07-08,9.43000,9.50000,9.38000,9.50000,113900
1129,2019-07-05,9.31000,9.35000,9.29000,9.33000,38100
1130,2019-07-03,9.40000,9.40000,9.30000,9.30000,27100
1131,2019-07-02,9.45000,9.45000,9.35000,9.36000,50400
1132,2019-07-01,9.35000,9.38000,9.29800,9.38000,69800
1133,2019-06-28,9.27000,9.28000,9.17000,9.18000,24300
1134,2019-06-27,9.15000,9.28000,9.10000,9.21000,40000
1135,2019-06-26,9.01000,9.23000,9.01000,9.14000,46800
1136,2019-06-25,9.24000,9.27000,8.98000,9.00000,132200
1137,2019-06-24,9.31000,9.34000,9.21700,9.24000,84100
1138,2019-06-21,9.35000,9.38000,9.28000,9.31000,32400
1139,2019-06-20,9.59000,9.59000,9.34000,9.35000,55500
1140,2019-06-19,9.49000,9.50000,9.42100,9.49000,29900
1141,2019-06-18,9.40000,9.49000,9.33000,9.41000,60000
1142,2019-06-17,9.50000,9.50000,9.32000,9.37000,102600
1143,2019-06-14,9.44000,9.55000,9.39600,9.44000,40600
1144,2019-06-13,9.50000,9.58000,9.45000,9.50000,58600
1145,2019-06-12,9.49000,9.58000,9.45000,9.50000,99900
1146,2019-06-11,9.65000,9.68000,9.44000,9.50000,108900
1147,2019-06-10,9.60000,9.64500,9.45000,9.45000,55200
1148,2019-06-07,9.60000,9.65000,9.41300,9.51000,48600
1149,2019-06-06,9.55000,9.60000,9.42400,9.60000,57500
1150,2019-06-05,9.45000,9.54000,9.40000,9.50000,47400
1151,2019-06-04,9.45000,9.50000,9.39000,9.40000,89000
1152,2019-06-03,9.30000,9.49000,9.30000,9.39000,49600
1153,2019-05-31,9.31500,9.35000,9.18900,9.30000,32000
1154,2019-05-30,9.35000,9.50000,9.28000,9.30000,50600
1155,2019-05-29,9.34000,9.35000,9.28000,9.29000,59100
1156,2019-05-28,9.34000,9.40000,9.30000,9.35000,69600
1157,2019-05-24,9.28000,9.50000,9.10000,9.25000,308800
1158,2019-05-23,9.34000,9.36000,9.18000,9.20000,325400
1159,2019-05-22,9.24000,9.26000,9.16000,9.20800,56000
1160,2019-05-21,9.16000,9.25000,9.16000,9.24500,42900
1161,2019-05-20,9.30000,9.30000,9.19000,9.20000,53400
1162,2019-05-17,9.29000,9.30000,9.20000,9.20000,95500
1163,2019-05-16,9.20000,9.43000,9.18000,9.29000,123100
1164,2019-05-15,8.65000,9.38000,8.64200,9.14900,527200
1165,2019-05-14,8.62000,8.70000,8.60800,8.67000,9500
1166,2019-05-13,8.85700,8.85800,8.61300,8.67700,18100
1167,2019-05-10,8.75000,8.94900,8.70000,8.70000,30300
1168,2019-05-09,8.69000,8.74900,8.66000,8.74900,9100
1169,2019-05-08,8.71000,8.80000,8.66000,8.72000,46000
1170,2019-05-07,8.88600,8.88600,8.70000,8.75000,32500
1171,2019-05-06,8.76300,8.79200,8.75500,8.79200,6900
1172,2019-05-03,8.80000,8.90000,8.72000,8.73000,10800
1173,2019-05-02,8.74000,8.79000,8.66000,8.72000,21600
1174,2019-05-01,8.55000,8.67000,8.55000,8.65000,34600
1175,2019-04-30,8.57000,8.90000,8.56000,8.62000,11300
1176,2019-04-29,8.59000,8.60000,8.54000,8.54000,20400
1177,2019-04-26,8.63000,8.65000,8.55000,8.56700,13500
1178,2019-04-25,8.57000,8.70000,8.53000,8.56000,15400
1179,2019-04-24,8.60000,8.65000,8.53500,8.57000,25400
1180,2019-04-23,8.65000,8.69000,8.58000,8.58000,16800
1181,2019-04-22,8.69000,8.71000,8.61000,8.61000,28600
1182,2019-04-18,8.61000,8.81600,8.58600,8.60000,62200
1183,2019-04-17,8.74500,8.75800,8.70600,8.71700,4000
1184,2019-04-16,8.70000,8.79000,8.70000,8.75000,17800
1185,2019-04-15,8.66000,8.69000,8.64900,8.67000,9000
1186,2019-04-12,8.73000,8.74000,8.70000,8.70000,10400
1187,2019-04-11,8.80000,8.80000,8.67000,8.73000,35100
1188,2019-04-10,8.70000,8.75000,8.65600,8.75000,5800
1189,2019-04-09,8.80000,8.80000,8.72000,8.72800,3500
1190,2019-04-08,8.74000,8.80000,8.72800,8.73000,12700
1191,2019-04-05,8.75000,8.75000,8.73000,8.74200,13300
1192,2019-04-04,8.80000,8.80000,8.70000,8.71000,45700
1193,2019-04-03,8.78000,8.79000,8.70000,8.73000,6000
1194,2019-04-02,8.70000,8.70000,8.58200,8.70000,5400
1195,2019-04-01,8.62000,8.68000,8.60000,8.60000,14400
1196,2019-03-29,8.69600,8.69600,8.60100,8.68000,5800
1197,2019-03-28,8.72000,8.73000,8.66400,8.68300,4600
1198,2019-03-27,8.70000,8.70000,8.60000,8.62700,10300
1199,2019-03-26,8.72000,8.72000,8.60000,8.63000,9400
1200,2019-03-25,8.74000,8.75000,8.63000,8.68300,15700
1201,2019-03-22,8.80000,8.80000,8.75000,8.75000,40300
1202,2019-03-21,8.69700,8.75300,8.69500,8.75000,13200
1203,2019-03-20,8.78000,8.78000,8.62000,8.68900,15600
1204,2019-03-19,8.70000,8.71000,8.70000,8.70000,31000
1205,2019-03-18,8.61600,8.67000,8.61600,8.67000,1900
1206,2019-03-15,8.59000,8.61000,8.58000,8.61000,36300
1207,2019-03-14,8.64000,8.65000,8.58000,8.60000,9300
1208,2019-03-13,8.66800,8.70000,8.66000,8.66000,16400
1209,2019-03-12,8.63000,8.67000,8.63000,8.66100,18300
1210,2019-03-11,8.64000,8.64000,8.59000,8.59000,14100
1211,2019-03-08,8.62000,8.62800,8.62000,8.62600,4800
1212,2019-03-08,8.62000,8.62800,8.62000,8.62600,4800
1213,2019-03-07,8.67000,8.67000,8.60000,8.61400,8600
1214,2019-03-07,8.67000,8.67000,8.60000,8.61400,8600
1215,2019-03-06,8.63300,8.64000,8.59000,8.60000,9700
1216,2019-03-06,8.63300,8.64000,8.59000,8.60000,9700
1217,2019-03-05,8.57000,8.60000,8.57000,8.59000,19400
1218,2019-03-05,8.57000,8.60000,8.57000,8.59000,19400
1219,2019-03-04,8.70000,8.70000,8.63000,8.63200,17200
1220,2019-03-04,8.70000,8.70000,8.63000,8.63200,17200
1221,2019-03-01,8.69000,8.69000,8.60000,8.64000,4600
1222,2019-03-01,8.69000,8.69000,8.60000,8.64000,4600
1223,2019-02-28,8.66200,8.66200,8.59800,8.62300,3400
1224,2019-02-28,8.66200,8.66200,8.59800,8.62300,3400
1225,2019-02-27,8.58000,8.62000,8.53000,8.62000,7500
1226,2019-02-27,8.58000,8.62000,8.53000,8.62000,7500
1227,2019-02-26,8.48000,8.56000,8.43500,8.52000,27500
1228,2019-02-26,8.48000,8.56000,8.43500,8.52000,27500
1229,2019-02-25,8.45000,8.51000,8.42000,8.42000,35800
1230,2019-02-25,8.45000,8.51000,8.42000,8.42000,35800
1231,2019-02-22,8.43800,8.48000,8.42000,8.45000,35200
1232,2019-02-22,8.43800,8.48000,8.42000,8.45000,35200
1233,2019-02-21,8.42800,8.42800,8.39500,8.40700,3900
1234,2019-02-21,8.42800,8.42800,8.39500,8.40700,3900
1235,2019-02-20,8.42000,8.43000,8.39000,8.40000,27000
1236,2019-02-20,8.42000,8.43000,8.39000,8.40000,27000
1237,2019-02-19,8.53000,8.53000,8.40000,8.41000,12500
1238,2019-02-19,8.53000,8.53000,8.40000,8.41000,12500
1239,2019-02-15,8.45100,8.54800,8.43000,8.43000,15200
1240,2019-02-15,8.45100,8.54800,8.43000,8.43000,15200
1241,2019-02-14,8.70000,8.70000,8.44000,8.44000,23500
1242,2019-02-14,8.70000,8.70000,8.44000,8.44000,23500
1243,2019-02-13,8.80000,8.80000,8.65700,8.70000,14200
1244,2019-02-13,8.80000,8.80000,8.65700,8.70000,14200
1245,2019-02-12,8.40000,8.75000,8.40000,8.66500,28500
1246,2019-02-12,8.40000,8.75000,8.40000,8.66500,28500
1247,2019-02-11,8.48000,8.48000,8.45000,8.45000,4800
1248,2019-02-11,8.48000,8.48000,8.45000,8.45000,4800
1249,2019-02-08,8.42500,8.45000,8.42500,8.43100,4300
1250,2019-02-08,8.42500,8.45000,8.42500,8.43100,4300
1251,2019-02-07,8.42000,8.46000,8.40000,8.40000,8900
1252,2019-02-07,8.42000,8.46000,8.40000,8.40000,8900
1253,2019-02-06,8.45000,8.46000,8.44000,8.45500,14400
1254,2019-02-06,8.45000,8.46000,8.44000,8.45500,14400
1255,2019-02-05,8.50000,8.50000,8.41000,8.44000,7100
1256,2019-02-05,8.50000,8.50000,8.41000,8.44000,7100
1257,2019-02-04,8.45000,8.45000,8.40800,8.43400,6400
1258,2019-02-04,8.45000,8.45000,8.40800,8.43400,6400
1259,2019-02-01,8.36000,8.40000,8.36000,8.40000,10100
1260,2019-02-01,8.36000,8.40000,8.36000,8.40000,10100
1261,2019-01-31,8.60000,8.60000,8.33000,8.36000,30900
1262,2019-01-31,8.60000,8.60000,8.33000,8.36000,30900
1263,2019-01-30,8.42000,8.53000,8.42000,8.50500,29000
1264,2019-01-30,8.42000,8.53000,8.42000,8.50500,29000
1265,2019-01-29,8.36000,8.37000,8.34500,8.37000,11000
1266,2019-01-29,8.36000,8.37000,8.34500,8.37000,11000
1267,2019-01-28,8.39000,8.39000,8.34000,8.36000,4100
1268,2019-01-28,8.39000,8.39000,8.34000,8.36000,4100
1269,2019-01-25,8.43000,8.44000,8.40000,8.40000,7200
1270,2019-01-25,8.43000,8.44000,8.40000,8.40000,7200
1271,2019-01-24,8.40300,8.44300,8.37800,8.43000,17200
1272,2019-01-24,8.40300,8.44300,8.37800,8.43000,17200
1273,2019-01-23,8.24000,8.43000,8.24000,8.40000,30900
1274,2019-01-23,8.24000,8.43000,8.24000,8.40000,30900
1275,2019-01-22,8.59900,8.59900,8.34000,8.35000,19000
1276,2019-01-22,8.59900,8.59900,8.34000,8.35000,19000
1277,2019-01-18,8.51000,8.52000,8.30000,8.42000,19200
1278,2019-01-18,8.51000,8.52000,8.30000,8.42000,19200
1279,2019-01-17,8.53000,8.53700,8.35400,8.45000,15200
1280,2019-01-17,8.53000,8.53700,8.35400,8.45000,15200
1281,2019-01-16,8.41000,8.61000,8.25000,8.44000,53100
1282,2019-01-16,8.41000,8.61000,8.25000,8.44000,53100
1283,2019-01-15,8.09100,8.33000,8.09000,8.33000,8200
1284,2019-01-15,8.09100,8.33000,8.09000,8.33000,8200
1285,2019-01-14,8.10000,8.10000,7.90000,8.09000,51300
1286,2019-01-14,8.10000,8.10000,7.90000,8.09000,51300
1287,2019-01-11,8.00000,8.29000,7.95000,8.17000,49400
1288,2019-01-11,8.00000,8.29000,7.95000,8.17000,49400
1289,2019-01-10,8.00000,8.08000,8.00000,8.04000,10600
1290,2019-01-10,8.00000,8.08000,8.00000,8.04000,10600
1291,2019-01-09,8.04000,8.04000,7.96000,8.00200,63800
1292,2019-01-09,8.04000,8.04000,7.96000,8.00200,63800
1293,2019-01-08,8.00200,8.03000,7.90000,7.99000,19800
1294,2019-01-08,8.00200,8.03000,7.90000,7.99000,19800
1295,2019-01-07,7.88000,7.96000,7.75700,7.93000,36700
1296,2019-01-07,7.88000,7.96000,7.75700,7.93000,36700
1297,2019-01-04,7.80000,7.88000,7.68000,7.85000,65900
1298,2019-01-04,7.80000,7.88000,7.68000,7.85000,65900
1299,2019-01-03,7.57000,7.71000,7.53100,7.70000,37300
1300,2019-01-03,7.57000,7.71000,7.53100,7.70000,37300
1301,2019-01-02,7.35000,7.58000,7.35000,7.57000,29700
1302,2019-01-02,7.35000,7.58000,7.35000,7.57000,29700
1303,2018-12-31,7.46000,7.49200,7.28000,7.31000,73800
1304,2018-12-31,7.46000,7.49200,7.28000,7.31000,73800
1305,2018-12-28,7.30000,7.50300,7.27000,7.35000,142000
1306,2018-12-28,7.30000,7.50300,7.27000,7.35000,142000
1307,2018-12-27,7.32000,7.33000,7.03000,7.28000,214500
1308,2018-12-27,7.32000,7.33000,7.03000,7.28000,214500
1309,2018-12-26,7.15000,7.36900,7.11000,7.30000,89300
1310,2018-12-26,7.15000,7.36900,7.11000,7.30000,89300
1311,2018-12-24,7.14000,7.29900,6.96000,7.12000,31500
1312,2018-12-24,7.14000,7.29900,6.96000,7.12000,31500
1313,2018-12-21,8.00000,8.02600,7.31000,7.31000,72100
1314,2018-12-21,8.00000,8.02600,7.31000,7.31000,72100
1315,2018-12-20,8.13000,8.19100,7.86000,8.00000,51400
1316,2018-12-20,8.13000,8.19100,7.86000,8.00000,51400
1317,2018-12-19,8.22000,8.25000,8.12000,8.17000,39000
1318,2018-12-19,8.22000,8.25000,8.12000,8.17000,39000
1319,2018-12-18,8.15000,8.20000,8.15000,8.18000,37900
1320,2018-12-18,8.15000,8.20000,8.15000,8.18000,37900
1321,2018-12-17,8.34000,8.35000,8.18000,8.20000,54000
1322,2018-12-17,8.34000,8.35000,8.18000,8.20000,54000
1323,2018-12-14,8.44000,8.45000,8.26000,8.26000,45000
1324,2018-12-14,8.44000,8.45000,8.26000,8.26000,45000
1325,2018-12-13,8.43100,8.45000,8.35000,8.45000,29200
1326,2018-12-13,8.43100,8.45000,8.35000,8.45000,29200
1327,2018-12-12,8.49000,8.49000,8.43000,8.43600,22500
1328,2018-12-12,8.49000,8.49000,8.43000,8.43600,22500
1329,2018-12-11,8.50000,8.52000,8.42000,8.42000,23900
1330,2018-12-11,8.50000,8.52000,8.42000,8.42000,23900
1331,2018-12-10,8.52000,8.57800,8.49000,8.49700,25800
1332,2018-12-10,8.52000,8.57800,8.49000,8.49700,25800
1333,2018-12-07,8.41000,8.61000,8.35000,8.59000,52300
1334,2018-12-07,8.41000,8.61000,8.35000,8.59000,52300
1335,2018-12-06,8.48000,8.48000,8.41000,8.46000,37400
1336,2018-12-06,8.48000,8.48000,8.41000,8.46000,37400
1337,2018-12-04,8.46000,8.50000,8.43000,8.49000,48700
1338,2018-12-04,8.46000,8.50000,8.43000,8.49000,48700
1339,2018-12-03,8.44000,8.51000,8.44000,8.48000,12400
1340,2018-12-03,8.44000,8.51000,8.44000,8.48000,12400
1341,2018-11-30,8.58000,8.60900,8.36000,8.43000,55300
1342,2018-11-30,8.58000,8.60900,8.36000,8.43000,55300
1343,2018-11-29,8.51000,8.59500,8.50000,8.59000,20400
1344,2018-11-29,8.51000,8.59500,8.50000,8.59000,20400
1345,2018-11-28,8.65000,8.68300,8.47000,8.47000,38700
1346,2018-11-28,8.65000,8.68300,8.47000,8.47000,38700
1347,2018-11-27,8.64000,8.78000,8.64000,8.67000,36900
1348,2018-11-27,8.64000,8.78000,8.64000,8.67000,36900
1349,2018-11-26,8.75000,8.89000,8.70000,8.70000,76300
1350,2018-11-26,8.75000,8.89000,8.70000,8.70000,76300
1351,2018-11-23,8.81000,8.81000,8.76500,8.76500,4600
1352,2018-11-23,8.81000,8.81000,8.76500,8.76500,4600
1353,2018-11-21,8.90000,8.95000,8.56000,8.76000,74100
1354,2018-11-21,8.90000,8.95000,8.56000,8.76000,74100
1355,2018-11-20,9.01000,9.03000,8.86000,8.90000,35600
1356,2018-11-20,9.01000,9.03000,8.86000,8.90000,35600
1357,2018-11-19,9.02000,9.02000,8.97800,8.97800,6600
1358,2018-11-19,9.02000,9.02000,8.97800,8.97800,6600
1359,2018-11-16,8.98000,8.99000,8.90000,8.98000,14000
1360,2018-11-16,8.98000,8.99000,8.90000,8.98000,14000
1361,2018-11-15,9.03000,9.05600,8.91000,8.91000,13000
1362,2018-11-15,9.03000,9.05600,8.91000,8.91000,13000
1363,2018-11-14,9.06000,9.11000,9.01000,9.03000,19900
1364,2018-11-14,9.06000,9.11000,9.01000,9.03000,19900
1365,2018-11-13,9.11400,9.11500,9.10000,9.10000,34400
1366,2018-11-13,9.11400,9.11500,9.10000,9.10000,34400
1367,2018-11-12,9.13000,9.13000,9.11000,9.12000,12800
1368,2018-11-12,9.13000,9.13000,9.11000,9.12000,12800
1369,2018-11-09,9.15000,9.15000,9.12000,9.13000,9500
1370,2018-11-09,9.15000,9.15000,9.12000,9.13000,9500
1371,2018-11-08,9.15000,9.15000,9.14000,9.14800,37400
1372,2018-11-08,9.15000,9.15000,9.14000,9.14800,37400
1373,2018-11-07,9.29600,9.29600,9.18000,9.18000,19200
1374,2018-11-07,9.29600,9.29600,9.18000,9.18000,19200
1375,2018-11-06,9.25000,9.31000,9.23500,9.25000,10400
1376,2018-11-06,9.25000,9.31000,9.23500,9.25000,10400
1377,2018-11-05,9.22800,9.24900,9.22800,9.23000,5900
1378,2018-11-05,9.22800,9.24900,9.22800,9.23000,5900
1379,2018-11-02,9.10000,9.21000,9.10000,9.21000,25000
1380,2018-11-01,9.18000,9.19500,9.10000,9.15000,15800
1381,2018-10-31,9.11000,9.21000,9.10000,9.16000,31200
1382,2018-10-30,9.18000,9.19300,9.02000,9.07000,21000
1383,2018-10-29,9.21300,9.22600,9.14000,9.18000,27400
1384,2018-10-26,9.36700,9.36700,9.13900,9.20000,44000
1385,2018-10-25,9.51000,9.51000,9.35000,9.36000,46900
1386,2018-10-24,9.53000,9.54000,9.50000,9.54000,7400
1387,2018-10-23,9.60000,9.60200,9.50000,9.50000,16000
1388,2018-10-22,9.60000,9.63500,9.60000,9.60800,8900
1389,2018-10-19,9.61000,9.64000,9.58100,9.58100,4200
1390,2018-10-18,9.60000,9.63000,9.58000,9.60500,5000
1391,2018-10-17,9.67900,9.67900,9.59000,9.61000,8100
1392,2018-10-16,9.67000,9.69000,9.61000,9.61000,16400
1393,2018-10-15,9.67000,9.69000,9.66000,9.66000,20500
1394,2018-10-12,9.56000,9.67100,9.56000,9.67000,8500
1395,2018-10-11,9.88000,9.88000,9.56000,9.64000,30400
1396,2018-10-10,9.73000,10.00000,9.72000,9.75000,42900
1397,2018-10-09,9.73000,9.73000,9.68000,9.68000,15400
1398,2018-10-08,9.80000,9.80000,9.70000,9.71000,18900
1399,2018-10-05,9.80000,9.87100,9.73200,9.74900,9000
1400,2018-10-04,9.83000,9.89000,9.75000,9.75000,10700
1401,2018-10-03,9.81000,10.00000,9.81000,9.85000,64700
1402,2018-10-02,9.81000,9.84900,9.80000,9.83000,16600
1403,2018-10-01,9.80000,9.85000,9.79500,9.83000,17100
1404,2018-09-28,9.76000,9.81000,9.76000,9.80000,1100
1405,2018-09-27,9.82000,9.82000,9.75000,9.76000,16400
1406,2018-09-26,9.80000,9.81000,9.78000,9.78000,20600
1407,2018-09-25,9.80200,9.82000,9.79500,9.82000,8800
1408,2018-09-24,9.77000,9.80700,9.77000,9.79100,1800
1409,2018-09-21,9.73000,9.83000,9.73000,9.76900,7400
1410,2018-09-20,9.78000,9.81900,9.75000,9.75000,17500
1411,2018-09-19,9.83000,9.86000,9.76000,9.77000,10800
1412,2018-09-18,9.83000,9.85000,9.82900,9.85000,6800
1413,2018-09-17,9.81000,9.87000,9.81000,9.86300,6400
1414,2018-09-14,9.90000,9.90000,9.85000,9.85000,15400
1415,2018-09-13,9.85000,9.95000,9.84000,9.89000,39900
1416,2018-09-12,9.84000,9.89000,9.80000,9.89000,13400
1417,2018-09-11,9.85000,9.93000,9.85000,9.91000,11200
1418,2018-09-10,9.84000,9.90000,9.84000,9.90000,7000
1419,2018-09-07,9.86000,9.88000,9.84000,9.84000,5400
1420,2018-09-06,9.87000,9.92000,9.86000,9.88000,14400
1421,2018-09-05,9.86000,9.89900,9.86000,9.87000,5700
1422,2018-09-04,9.88000,9.95000,9.87000,9.87000,28000
1423,2018-08-31,9.90000,10.00000,9.90000,9.97000,24500
1424,2018-08-30,10.01000,10.08000,9.95000,9.97000,56800
1425,2018-08-29,9.86000,10.02000,9.86000,10.01000,16200
1426,2018-08-28,9.92000,9.98000,9.92000,9.93000,19000
1427,2018-08-27,10.08000,10.08000,10.00000,10.01000,12400
1428,2018-08-24,9.96000,10.03000,9.96000,10.03000,8400
1429,2018-08-23,10.00900,10.04700,10.00000,10.03000,27500
1430,2018-08-22,10.09000,10.09000,10.02000,10.02000,12200
1431,2018-08-21,10.00000,10.03000,9.94000,10.00000,24900
1432,2018-08-20,10.00000,10.01500,9.98000,10.00000,8100
1433,2018-08-17,9.97900,9.97900,9.95000,9.97400,18700
1434,2018-08-16,10.00000,10.02000,9.96000,9.96000,14500
1435,2018-08-15,9.95000,10.05000,9.95000,9.98700,10600
1436,2018-08-14,10.00000,10.03000,9.89400,9.93000,22100
1437,2018-08-13,10.10000,10.10000,10.03000,10.04700,32700
1438,2018-08-10,9.99700,10.10000,9.99700,10.10000,23200
1439,2018-08-09,10.10000,10.10000,9.95000,10.01000,49800
1440,2018-08-08,10.01100,10.01100,9.98000,9.98000,32800
1441,2018-08-07,10.01900,10.76000,10.00000,10.01000,41700
1442,2018-08-06,10.15000,10.15000,9.91000,10.02000,23100
1443,2018-08-03,10.00000,10.00000,9.92000,9.95000,24300
1444,2018-08-02,9.98000,10.05000,9.98000,10.01000,31000
1445,2018-08-01,10.05000,10.08700,10.00000,10.01000,28200
1446,2018-07-31,10.24000,10.25000,9.98800,10.07000,94000
1447,2018-07-30,9.95000,10.27000,9.88000,10.24000,49000
1448,2018-07-27,9.78000,9.95000,9.78000,9.93000,28900
1449,2018-07-26,9.65000,9.85000,9.65000,9.82000,34900
1450,2018-07-25,9.66000,9.69000,9.63800,9.68000,8600
1451,2018-07-24,9.60000,9.70000,9.54000,9.66000,42300
1452,2018-07-23,9.60100,9.63000,9.56000,9.59000,39700
1453,2018-07-20,9.56000,9.62000,9.56000,9.60000,25700
1454,2018-07-19,9.59000,9.64000,9.50000,9.59000,59300
1455,2018-07-18,9.70000,9.70000,9.50000,9.58000,82400
1456,2018-07-17,9.62000,9.62000,9.53000,9.59000,102100
1457,2018-07-16,9.51000,9.56000,9.51000,9.51000,56200
1458,2018-07-13,9.55000,9.56000,9.47200,9.55000,53200
1459,2018-07-12,9.63000,9.64800,9.49000,9.52000,83400
1460,2018-07-11,9.40000,10.77300,9.38000,9.70000,104000
1461,2018-07-10,9.31000,9.43000,9.31000,9.40000,161600
1462,2018-07-09,9.28000,9.36100,9.25000,9.30000,356300
1463,2018-07-06,9.18000,9.23000,9.16000,9.22000,121600
1464,2018-07-05,9.13000,9.18000,9.13000,9.16000,9400
1465,2018-07-03,9.11000,9.15400,9.11000,9.14000,8500
1466,2018-07-02,9.12700,9.15500,9.12700,9.14000,8600
1467,2018-06-29,9.13000,9.14000,9.12300,9.13700,7200
1468,2018-06-28,9.12000,9.15000,9.11700,9.11700,9200
1469,2018-06-27,9.13000,9.14000,9.12000,9.13000,9100
1470,2018-06-26,9.12000,9.13000,9.12000,9.13000,8700
1471,2018-06-25,9.13000,9.14000,9.12000,9.13900,10000
1472,2018-06-22,9.12000,9.15000,9.12000,9.13000,19100
1473,2018-06-21,9.13000,9.14000,9.13000,9.14000,3400
1474,2018-06-20,9.16000,9.16000,9.10000,9.10000,9000
1475,2018-06-19,9.15000,9.17000,9.12500,9.15000,11500
1476,2018-06-18,9.15000,9.16000,9.14000,9.15000,14900
1477,2018-06-15,9.20000,9.20000,9.18000,9.18000,3300
1478,2018-06-14,9.24000,9.25000,9.19500,9.19500,16000
1479,2018-06-13,9.29000,9.30900,9.28600,9.30000,9300
1480,2018-06-12,9.32000,9.32000,9.30200,9.31000,18700
1481,2018-06-11,9.32000,9.34000,9.23000,9.34000,18300
1482,2018-06-08,9.23000,9.29000,9.23000,9.28000,24600
1483,2018-06-07,9.22000,9.30000,9.22000,9.30000,8700
1484,2018-06-06,9.22000,9.25000,9.22000,9.25000,18600
1485,2018-06-05,9.22000,9.24000,9.21000,9.24000,11500
1486,2018-06-04,9.25000,9.28000,9.21000,9.21000,31400
1487,2018-06-01,9.25000,9.26000,9.23000,9.23000,23000
1488,2018-05-31,9.28000,9.33000,9.24500,9.24500,16600
1489,2018-05-30,9.26000,9.31000,9.26000,9.28000,23700
1490,2018-05-29,9.27000,9.28000,9.24500,9.25000,10400
1491,2018-05-25,9.29000,9.30000,9.23400,9.27000,13700
1492,2018-05-24,9.24900,9.27900,9.24000,9.27900,8400
1493,2018-05-23,9.26000,9.26000,9.24000,9.25500,8000
1494,2018-05-22,9.23400,9.26000,9.22100,9.25000,14000
1495,2018-05-21,9.26000,9.29000,9.22000,9.24000,17400
1496,2018-05-18,9.24000,9.26000,9.21000,9.23000,26500
1497,2018-05-17,9.24000,9.24000,9.21000,9.22000,5200
1498,2018-05-16,9.23000,9.23000,9.20300,9.21000,14500
1499,2018-05-15,9.24000,9.25900,9.19500,9.23000,15300
1500,2018-05-14,9.24000,9.25000,9.20000,9.22400,23800
1501,2018-05-11,9.32000,9.32000,9.27600,9.28000,21800
1502,2018-05-10,9.27400,9.60000,9.27400,9.33000,70400
1503,2018-05-09,9.29000,9.29000,9.27100,9.28100,2800
1504,2018-05-08,9.27000,9.29000,9.27000,9.27900,14400
1505,2018-05-07,9.30000,9.30000,9.24900,9.27000,10000
1506,2018-05-04,9.35000,9.35000,9.25000,9.26000,14600
1507,2018-05-03,9.13000,9.27000,9.11000,9.26100,58200
1508,2018-05-02,9.12000,9.14000,9.09000,9.12700,11000
1509,2018-05-01,9.08100,9.11900,9.07000,9.09000,12900
1510,2018-04-30,9.09000,9.14000,9.08000,9.08000,49200
1511,2018-04-27,9.10000,9.13400,9.03000,9.08000,92100
1512,2018-04-26,9.11000,9.15000,9.09000,9.09000,42900
1513,2018-04-25,9.11000,9.12000,9.04000,9.07000,67800
1514,2018-04-24,9.12000,9.20000,9.10000,9.12000,54400
1515,2018-04-23,9.19000,9.20000,9.08000,9.16000,77300
1516,2018-04-20,9.18000,9.23000,9.10000,9.17000,39000
1517,2018-04-19,9.22000,9.23000,9.15000,9.19500,40200
1518,2018-04-18,9.26700,9.29000,9.21000,9.23000,60500
1519,2018-04-17,9.27000,9.33000,9.26000,9.26000,27300
1520,2018-04-16,9.25000,9.29500,9.25000,9.27000,38500
1521,2018-04-13,9.37000,9.37000,9.30000,9.30000,29500
1522,2018-04-12,9.33000,9.40000,9.33000,9.40000,40900
1523,2018-04-11,9.35000,9.35000,9.28000,9.32000,48500
1524,2018-04-10,9.32000,9.35000,9.29000,9.33000,30500
1525,2018-04-09,9.35000,9.36000,9.32000,9.33000,45900
1526,2018-04-06,9.38000,9.38600,9.30000,9.34000,32200
1527,2018-04-05,9.41000,9.41000,9.35000,9.35000,47400
1528,2018-04-04,9.39000,9.39000,9.25000,9.31000,70500
1529,2018-04-03,9.30000,9.37000,9.27000,9.33000,53100
1530,2018-04-02,9.43000,9.43000,9.31000,9.32000,75300
1531,2018-03-29,9.43000,9.45000,9.42000,9.45000,21600
1532,2018-03-28,9.47000,9.49900,9.41000,9.42000,32700
1533,2018-03-27,9.46000,9.46300,9.45000,9.45000,1900
1534,2018-03-26,9.46000,9.50400,9.45900,9.46000,20100
1535,2018-03-23,9.42000,9.44500,9.42000,9.44500,12000
1536,2018-03-22,9.42000,9.46000,9.42000,9.45600,2700
1537,2018-03-21,9.56000,9.56100,9.50000,9.50000,27900
1538,2018-03-20,9.67000,9.67000,9.50000,9.53000,25500
1539,2018-03-19,9.63000,9.64900,9.63000,9.64600,1000
1540,2018-03-16,9.62000,9.65500,9.58000,9.65000,16700
1541,2018-03-15,9.67300,9.67300,9.57000,9.57000,11100
1542,2018-03-14,9.65000,9.68000,9.65000,9.68000,9800
1543,2018-03-13,9.73400,9.77000,9.70000,9.70000,10900
1544,2018-03-12,9.73900,9.77000,9.71000,9.71000,15100
1545,2018-03-09,9.98000,9.98000,9.73000,9.73000,7300
1546,2018-03-09,9.98000,9.98000,9.73000,9.73000,7300
1547,2018-03-08,9.68000,9.81000,9.67500,9.73100,18200
1548,2018-03-08,9.68000,9.81000,9.67500,9.73100,18200
1549,2018-03-07,9.72800,9.73000,9.67000,9.67000,19300
1550,2018-03-07,9.72800,9.73000,9.67000,9.67000,19300
1551,2018-03-06,9.80000,9.83000,9.70000,9.70000,28400
1552,2018-03-06,9.80000,9.83000,9.70000,9.70000,28400
1553,2018-03-05,9.68000,9.79000,9.68000,9.79000,4900
1554,2018-03-05,9.68000,9.79000,9.68000,9.79000,4900
1555,2018-03-02,9.73000,9.73000,9.67000,9.68000,8600
1556,2018-03-02,9.73000,9.73000,9.67000,9.68000,8600
1557,2018-03-01,9.75000,9.75000,9.74200,9.75000,8400
1558,2018-03-01,9.75000,9.75000,9.74200,9.75000,8400
1559,2018-02-28,9.77200,9.81000,9.73000,9.73000,11600
1560,2018-02-28,9.77200,9.81000,9.73000,9.73000,11600
1561,2018-02-27,9.80000,9.80000,9.72500,9.74000,25200
1562,2018-02-27,9.80000,9.80000,9.72500,9.74000,25200
1563,2018-02-26,9.85000,9.85000,9.75000,9.77000,9100
1564,2018-02-26,9.85000,9.85000,9.75000,9.77000,9100
1565,2018-02-23,9.70000,9.89000,9.68500,9.87000,51600
1566,2018-02-23,9.70000,9.89000,9.68500,9.87000,51600
1567,2018-02-22,9.65000,9.65000,9.61000,9.61500,11300
1568,2018-02-22,9.65000,9.65000,9.61000,9.61500,11300
1569,2018-02-21,9.69000,9.69000,9.66000,9.66000,6700
1570,2018-02-21,9.69000,9.69000,9.66000,9.66000,6700
1571,2018-02-20,9.66900,9.67000,9.66000,9.66000,4300
1572,2018-02-20,9.66900,9.67000,9.66000,9.66000,4300
1573,2018-02-16,9.71000,9.71000,9.66000,9.66000,1800
1574,2018-02-16,9.71000,9.71000,9.66000,9.66000,1800
1575,2018-02-15,9.69100,9.70800,9.67000,9.67000,5800
1576,2018-02-15,9.69100,9.70800,9.67000,9.67000,5800
1577,2018-02-14,9.60700,9.69000,9.60700,9.69000,15800
1578,2018-02-14,9.60700,9.69000,9.60700,9.69000,15800
1579,2018-02-13,9.68000,9.69000,9.61000,9.66000,15300
1580,2018-02-13,9.68000,9.69000,9.61000,9.66000,15300
1581,2018-02-12,9.68000,9.71300,9.68000,9.68700,21300
1582,2018-02-12,9.68000,9.71300,9.68000,9.68700,21300
1583,2018-02-09,9.68000,9.68000,9.64000,9.64000,12700
1584,2018-02-09,9.68000,9.68000,9.64000,9.64000,12700
1585,2018-02-08,9.71000,9.77000,9.67000,9.69900,18400
1586,2018-02-08,9.71000,9.77000,9.67000,9.69900,18400
1587,2018-02-07,9.73000,9.83000,9.70000,9.71300,17600
1588,2018-02-07,9.73000,9.83000,9.70000,9.71300,17600
1589,2018-02-06,9.54000,9.70000,9.52700,9.70000,7100
1590,2018-02-06,9.54000,9.70000,9.52700,9.70000,7100
1591,2018-02-05,9.75000,9.75000,9.45000,9.50000,13600
1592,2018-02-05,9.75000,9.75000,9.45000,9.50000,13600
1593,2018-02-02,9.73000,9.73100,9.69000,9.69000,6400
1594,2018-02-02,9.73000,9.73100,9.69000,9.69000,6400
1595,2018-02-01,9.68000,9.70000,9.68000,9.69200,12100
1596,2018-02-01,9.68000,9.70000,9.68000,9.69200,12100
1597,2018-01-31,9.73000,9.73000,9.67000,9.70000,7100
1598,2018-01-31,9.73000,9.73000,9.67000,9.70000,7100
1599,2018-01-30,9.80000,9.90000,9.67000,9.73000,17300
1600,2018-01-30,9.80000,9.90000,9.67000,9.73000,17300
1601,2018-01-29,9.92000,9.95000,9.81000,9.82000,18800
1602,2018-01-29,9.92000,9.95000,9.81000,9.82000,18800
1603,2018-01-26,9.95000,9.95000,9.83000,9.91000,25900
1604,2018-01-26,9.95000,9.95000,9.83000,9.91000,25900
1605,2018-01-25,10.00000,10.03700,9.98000,10.02000,7200
1606,2018-01-25,10.00000,10.03700,9.98000,10.02000,7200
1607,2018-01-24,9.92000,10.14000,9.85000,10.05000,26200
1608,2018-01-24,9.92000,10.14000,9.85000,10.05000,26200
1609,2018-01-23,9.70000,9.98000,9.70000,9.94000,47200
1610,2018-01-23,9.70000,9.98000,9.70000,9.94000,47200
1611,2018-01-22,9.70000,9.70000,9.66000,9.69000,1000
1612,2018-01-22,9.70000,9.70000,9.66000,9.69000,1000
1613,2018-01-19,9.70000,9.74000,9.64000,9.68100,7200
1614,2018-01-19,9.70000,9.74000,9.64000,9.68100,7200
1615,2018-01-18,9.71000,9.79200,9.64000,9.70000,6300
1616,2018-01-18,9.71000,9.79200,9.64000,9.70000,6300
1617,2018-01-17,9.83000,9.83000,9.63900,9.68000,14600
1618,2018-01-17,9.83000,9.83000,9.63900,9.68000,14600
1619,2018-01-16,9.79000,10.00000,9.78000,9.85000,27500
1620,2018-01-16,9.79000,10.00000,9.78000,9.85000,27500
1621,2018-01-12,9.78000,9.82000,9.74000,9.81000,9800
1622,2018-01-12,9.78000,9.82000,9.74000,9.81000,9800
1623,2018-01-11,9.80000,9.81000,9.73000,9.81000,7000
1624,2018-01-11,9.80000,9.81000,9.73000,9.81000,7000
1625,2018-01-10,9.81000,9.83000,9.79000,9.81000,19200
1626,2018-01-10,9.81000,9.83000,9.79000,9.81000,19200
1627,2018-01-09,9.80000,9.87000,9.65900,9.82000,131100
1628,2018-01-09,9.80000,9.87000,9.65900,9.82000,131100
1629,2018-01-08,9.77000,9.87000,9.72000,9.81000,63800
1630,2018-01-08,9.77000,9.87000,9.72000,9.81000,63800
1631,2018-01-05,9.67900,9.75000,9.67000,9.68000,10200
1632,2018-01-05,9.67900,9.75000,9.67000,9.68000,10200
1633,2018-01-04,9.66200,9.70000,9.50000,9.67000,19400
1634,2018-01-04,9.66200,9.70000,9.50000,9.67000,19400
1635,2018-01-03,9.48000,9.61000,9.48000,9.56000,20800
1636,2018-01-03,9.48000,9.61000,9.48000,9.56000,20800
1637,2018-01-02,9.37000,9.45000,9.33000,9.45000,24400
1638,2018-01-02,9.37000,9.45000,9.33000,9.45000,24400
1639,2017-12-29,9.38000,9.45000,9.35000,9.40000,43500
1640,2017-12-29,9.38000,9.45000,9.35000,9.40000,43500
1641,2017-12-28,9.36000,9.39000,9.27000,9.39000,92300
1642,2017-12-28,9.36000,9.39000,9.27000,9.39000,92300
1643,2017-12-27,9.45000,9.45000,9.32000,9.36000,82000
1644,2017-12-27,9.45000,9.45000,9.32000,9.36000,82000
1645,2017-12-26,9.48000,9.53000,9.41000,9.42000,45100
1646,2017-12-26,9.48000,9.53000,9.41000,9.42000,45100
1647,2017-12-22,9.59400,9.59400,9.46000,9.49000,26900
1648,2017-12-22,9.59400,9.59400,9.46000,9.49000,26900
1649,2017-12-21,9.85000,9.87000,9.55100,9.56000,31000
1650,2017-12-21,9.85000,9.87000,9.55100,9.56000,31000
1651,2017-12-20,9.97000,9.98000,9.69000,9.75000,5400
1652,2017-12-20,9.97000,9.98000,9.69000,9.75000,5400
1653,2017-12-19,9.92000,9.95000,9.89000,9.89000,3700
1654,2017-12-19,9.92000,9.95000,9.89000,9.89000,3700
1655,2017-12-18,9.85100,9.89700,9.85000,9.89000,6300
1656,2017-12-18,9.85100,9.89700,9.85000,9.89000,6300
1657,2017-12-15,9.83000,9.91000,9.81600,9.91000,7100
1658,2017-12-15,9.83000,9.91000,9.81600,9.91000,7100
1659,2017-12-14,9.80100,9.82500,9.74000,9.78100,15000
1660,2017-12-14,9.80100,9.82500,9.74000,9.78100,15000
1661,2017-12-13,9.90000,9.93700,9.85000,9.87000,7100
1662,2017-12-13,9.90000,9.93700,9.85000,9.87000,7100
1663,2017-12-12,9.96000,9.96000,9.74300,9.90000,23700
1664,2017-12-12,9.96000,9.96000,9.74300,9.90000,23700
1665,2017-12-11,9.99000,10.00000,9.90000,9.94000,16800
1666,2017-12-11,9.99000,10.00000,9.90000,9.94000,16800
1667,2017-12-08,9.96000,9.99000,9.92000,9.92000,14200
1668,2017-12-08,9.96000,9.99000,9.92000,9.92000,14200
1669,2017-12-07,9.99000,10.15000,9.85000,9.95000,22200
1670,2017-12-07,9.99000,10.15000,9.85000,9.95000,22200
1671,2017-12-06,9.97000,10.10000,9.90800,10.00000,32600
1672,2017-12-06,9.97000,10.10000,9.90800,10.00000,32600
1673,2017-12-05,9.98000,9.98000,9.45000,9.85000,38300
1674,2017-12-05,9.98000,9.98000,9.45000,9.85000,38300
1675,2017-12-04,10.04000,10.04000,9.97000,10.00000,13100
1676,2017-12-04,10.04000,10.04000,9.97000,10.00000,13100
1677,2017-12-01,10.01100,10.02900,10.00000,10.00100,12200
1678,2017-12-01,10.01100,10.02900,10.00000,10.00100,12200
1679,2017-11-30,9.90000,10.03000,9.89000,10.02200,33400
1680,2017-11-30,9.90000,10.03000,9.89000,10.02200,33400
1681,2017-11-29,10.04000,10.04000,9.99000,9.99000,28100
1682,2017-11-29,10.04000,10.04000,9.99000,9.99000,28100
1683,2017-11-28,9.97000,10.05000,9.97000,10.02600,42200
1684,2017-11-28,9.97000,10.05000,9.97000,10.02600,42200
1685,2017-11-27,10.01000,10.01000,9.95000,9.95000,7800
1686,2017-11-27,10.01000,10.01000,9.95000,9.95000,7800
1687,2017-11-24,10.03400,10.03400,10.03400,10.03400,300
1688,2017-11-24,10.03400,10.03400,10.03400,10.03400,300
1689,2017-11-22,10.04000,10.04000,9.99000,9.99000,16100
1690,2017-11-22,10.04000,10.04000,9.99000,9.99000,16100
1691,2017-11-21,10.00000,10.04700,9.99000,10.04700,36900
1692,2017-11-21,10.00000,10.04700,9.99000,10.04700,36900
1693,2017-11-20,10.06000,10.08000,10.00000,10.00000,16700
1694,2017-11-20,10.06000,10.08000,10.00000,10.00000,16700
1695,2017-11-17,10.05000,10.06300,10.05000,10.06300,6700
1696,2017-11-17,10.05000,10.06300,10.05000,10.06300,6700
1697,2017-11-16,10.00000,10.08000,9.98000,10.07000,19000
1698,2017-11-16,10.00000,10.08000,9.98000,10.07000,19000
1699,2017-11-15,10.10000,10.15000,10.00000,10.00000,26000
1700,2017-11-15,10.10000,10.15000,10.00000,10.00000,26000
1701,2017-11-14,10.10000,10.10000,10.02500,10.04900,36000
1702,2017-11-14,10.10000,10.10000,10.02500,10.04900,36000
1703,2017-11-13,10.25000,10.25900,10.21000,10.23000,8800
1704,2017-11-13,10.25000,10.25900,10.21000,10.23000,8800
1705,2017-11-10,10.27800,10.29000,10.25100,10.28000,14700
1706,2017-11-10,10.27800,10.29000,10.25100,10.28000,14700
1707,2017-11-09,10.30000,10.30000,10.21000,10.30000,10000
1708,2017-11-09,10.30000,10.30000,10.21000,10.30000,10000
1709,2017-11-08,10.20000,10.35000,10.16000,10.20000,26800
1710,2017-11-08,10.20000,10.35000,10.16000,10.20000,26800
1711,2017-11-07,10.20000,10.50000,10.11000,10.15000,39000
1712,2017-11-07,10.20000,10.50000,10.11000,10.15000,39000
1713,2017-11-06,10.10000,10.50000,10.05000,10.35000,61500
1714,2017-11-06,10.10000,10.50000,10.05000,10.35000,61500
1715,2017-11-03,10.70000,10.70000,10.01000,10.13000,109800
1716,2017-11-02,10.75100,10.95000,10.75000,10.80000,2600
1717,2017-11-01,11.00000,11.00000,10.70000,10.84000,10600
1718,2017-10-31,10.85000,10.85000,10.78000,10.83000,18000
1719,2017-10-30,10.89900,10.89900,10.77500,10.84900,7900
1720,2017-10-27,10.81200,10.81200,10.81200,10.81200,1100
1721,2017-10-26,10.83300,10.83300,10.83300,10.83300,400
1722,2017-10-25,11.00000,11.00000,10.75000,10.85000,13000
1723,2017-10-24,10.99000,11.10000,10.94000,11.00000,12200
1724,2017-10-23,11.06000,11.08000,10.93000,10.93000,8800
1725,2017-10-20,10.99000,11.10000,10.90000,11.00000,13500
1726,2017-10-19,11.00000,11.00000,10.90000,10.90000,3500
1727,2017-10-18,11.10000,11.15000,10.95000,10.95000,10000
1728,2017-10-17,11.00000,11.05000,10.94900,11.05000,28200
1729,2017-10-16,10.95000,10.95000,10.85000,10.87900,8500
1730,2017-10-13,10.99000,11.14000,10.96000,11.00000,19100
1731,2017-10-12,10.90000,11.05000,10.80000,11.05000,3300
1732,2017-10-11,10.96000,11.15000,10.75100,10.78000,35000
1733,2017-10-10,10.85000,11.15000,10.75000,10.93000,37700
1734,2017-10-09,11.00000,11.06000,10.80000,10.80000,5200
